ingredients,labels
"PASTEURIZED PART-SKIM MILK, CHEESE CULTURES, SALT, ENZYMES, PENICILLIUM ROQUEFORTI, NATAMYCIN.","PASTEURIZED PART-SKIM MILK, CHEESE CULTURES, SALT, ENZYMES, PENICILLIUM ROQUEFORTI, NATAMYCIN"
"BONELESS SKINLESS CHICKEN TENDERLOINS, WATER, SALT, SODIUM PHOSPHATE","BONELESS SKINLESS CHICKEN TENDERLOINS, WATER, SALT, SODIUM PHOSPHATE"
"CUCUMBERS, HIGH FRUCTOSE CORN SYRUP, TOMATO PASTE VINEGAR WATER CONTAINS LESS THAN 2% OF SALT SPICES (CONTAINS MUSTARD, PAPRIKA, DEHYDRATED ONION, LACTIC ACID, XANTAHN GUM, CALCIUM CHLORIDE, SODIUM BENZOATE AND POTASSIUM SORBATE (AS PRESERVATIVES, ALUM ARTIFICIAL FLAVOR, GARLIC POWDER","CUCUMBERS, HIGH FRUCTOSE CORN SYRUP, TOMATO PASTE VINEGAR WATER, MUSTARD, PAPRIKA, DEHYDRATED ONION, LACTIC ACID, XANTAHN GUM, CALCIUM CHLORIDE, SODIUM BENZOATE ,POTASSIUM SORBATE, ALUM ARTIFICIAL FLAVOR, GARLIC POWDER"
"WHOLE GRAIN ROLLED OATS, WHOLE GRAIN WHEAT, CANE SUGAR, RAISINS (RAISINS, VEGETABLE GLYCERIN, SUNFLOWER OIL), RICE FLOUR, OAT FIBER, EXPELLER PRESSED CANOLA OIL, MOLASSES, CORNSTARCH, COCONUT, VEGETABLE GLYCERIN, SPICES (CINNAMON, CARDAMOM, FENNEL SEED, FENUGREEK, NUTMEG), SALT, BARLEY MALT EXTRACT, ALMONDS, VITAMIN E (MIXED TOCOPHEROLS) ADDED TO PRESERVE FRESHNESS.","WHOLE GRAIN ROLLED OATS, WHOLE GRAIN WHEAT, CANE SUGAR, RAISINS, VEGETABLE GLYCERIN, SUNFLOWER OIL, RICE FLOUR, OAT FIBER, EXPELLER PRESSED CANOLA OIL, MOLASSES, CORNSTARCH, COCONUT, VEGETABLE GLYCERIN, CINNAMON, CARDAMOM, FENNEL SEED, FENUGREEK, NUTMEG, SALT, BARLEY MALT EXTRACT, ALMONDS, VITAMIN E ,MIXED TOCOPHEROLS"
"SKIM MILK, CREAM, SUGAR, CORN SYRUP, WHEY, CONTAINS 2% OR LESS OF MONO- AND DIGLYCERIDES, GUAR GUM, CALCIUM SULFATE, LOCUST BEAN GUM, CARRAGEENAN, GROUND VANILLA BEAN SPECKS, NATURAL VANILLA FLAVOR.","SKIM MILK, CREAM, SUGAR, CORN SYRUP, WHEY, DIGLYCERIDES, GUAR GUM, CALCIUM SULFATE, LOCUST BEAN GUM, CARRAGEENAN, GROUND VANILLA BEAN SPECKS, NATURAL VANILLA FLAVOR"
"FILTERED WATER, ORGANIC CANE SUGAR, ORGANIC WHITE TEA, ORGANIC GREEN TEA ESSENCE, NATURAL BLUEBERRY FLAVOR, CITRIC ACID.","FILTERED WATER, ORGANIC CANE SUGAR, ORGANIC WHITE TEA, ORGANIC GREEN TEA ESSENCE, NATURAL BLUEBERRY FLAVOR, CITRIC ACID"
"PROTEIN BLEND (WHEY PROTEIN ISOLATES, WHEY PROTEIN CONCENTRATE, WHEY PEPTIDES), COCOA (PROCESSED WITH ALKALI), SUGAR, LECITHIN, NATURAL FLAVOR, XANTHAN GUM, REBAUDIOSIDE A, LACTASE.","WHEY PROTEIN ISOLATES, WHEY PROTEIN CONCENTRATE, WHEY PEPTIDES, COCOA, SUGAR, LECITHIN, NATURAL FLAVOR, XANTHAN GUM, REBAUDIOSIDE A, LACTASE"
"WATER, SUGAR, PASSION FRUIT JUICE(2%) BASIL SEED, CITRIC ACID, NATURAL FLAVOR","WATER, SUGAR, PASSION FRUIT JUICE, BASIL SEED, CITRIC ACID, NATURAL FLAVOR"
"ENRICHED WHEAT FLOUR (NIACIN, REDUCED IRON, THIAMINE MONONITRATE, RIBOFLAVIN, FOLIC ACID), MALTED BARLEY FLOUR, WATER, PURE CANE SUGAR, TALLOW WITH MIXED TOCOPHEROLS, YEAST (YEAST, SORBITAN MONOSTEARATE, ASCORBIC ACID), CONCENTRATE (SOY FLOUR, SALT, MONOGLYCERIDES, GLUTEN, WHEAT FLOUR, LECITHIN, CALCIUM PROPIONATE, GUAR GUM, SOY OIL, MALTODEXTRIN, XANTHAN GUM, ASCORBIC ACID, AMYLASE). FILLING: WATER, CORN SYRUP, SUGAR, MODIFIED FOOD STARCH, PALM OIL, CONTAINS LESS THAN 2% OF: LEMON JUICE CONCENTRATE, SALT, AGAR, NATURAL FLAVOR, SODIUM DIACETATE, POTASSIUM SORBATE (PRESERVATIVE), CITRIC ACID, SODIUM BENZOATE (PRESERVATIVE), YELLOW 5, POLYSORBATE 60, YELLOW 6 GLAZE: CONFECTIONERS SUGAR, WATER, PURE CANE SUGAR, GLAZE STABILIZER (MALTODEXTRIN, AGAR, SALT, LOCUST BEAN GUM, PARTIALLY HYDROGENATED SOYBEAN AND COTTONSEED OILS, SOYBEAN LECITHIN), NATURAL AND ARTIFICIAL BUTTER AND VANILLA FLAVORS, CORNSTARCH, NATURAL MIXED TOCOPHEROLS, DRY MILK INGREDIENTS.","NIACIN, REDUCED IRON, THIAMINE MONONITRATE, RIBOFLAVIN, FOLIC ACID, MALTED BARLEY FLOUR, WATER, PURE CANE SUGAR, TALLOW WITH MIXED TOCOPHEROLS, YEAST, SORBITAN MONOSTEARATE, ASCORBIC ACID, SOY FLOUR, SALT, MONOGLYCERIDES, GLUTEN, WHEAT FLOUR, LECITHIN, CALCIUM PROPIONATE, GUAR GUM, SOY OIL, MALTODEXTRIN, XANTHAN GUM, ASCORBIC ACID, AMYLASE, WATER, CORN SYRUP, SUGAR, MODIFIED FOOD STARCH, PALM OIL, LEMON JUICE CONCENTRATE, SALT, AGAR, NATURAL FLAVOR, SODIUM DIACETATE, POTASSIUM SORBATE, CITRIC ACID, SODIUM BENZOATE, YELLOW 5, POLYSORBATE 60, CONFECTIONERS SUGAR, WATER, PURE CANE SUGAR, MALTODEXTRIN, AGAR, SALT, LOCUST BEAN GUM, PARTIALLY HYDROGENATED SOYBEAN, COTTONSEED OILS, SOYBEAN LECITHIN, ARTIFICIAL BUTTER ,VANILLA FLAVORS, CORNSTARCH, NATURAL MIXED TOCOPHEROLS, DRY MILK INGREDIENTS"
"WHEAT AND MALTED BARLEY FLOUR (CONTAINS NIACIN, REDUCED IRON, THIAMIN, RIBOFLAVIN, FOLIC ACID), WATER, SUGAR, PALM OIL, NONFAT DRY MILK, YEAST, EGGS, CONTAINS 2% OR LESS OF: SALT, NATURAL WHEAT SOUR, ENRICHED WHEAT FLOUR (NIACIN, IRON, THIAMINE MONONITRATE, RIBOFLAVIN, FOLIC ACID), CULTURED WHEAT STARCH AND WHEAT FLOUR, CULTURED WHEAT FLOUR, DOUGH CONDITIONER (WHEAT FLOUR, ENZYMES).","NIACIN, REDUCED IRON, THIAMIN, RIBOFLAVIN, FOLIC ACID, WATER, SUGAR, PALM OIL, NONFAT DRY MILK, YEAST, EGGS, SALT, NATURAL WHEAT SOUR,  NIACIN, IRON, THIAMINE MONONITRATE, RIBOFLAVIN, FOLIC ACID, CULTURED WHEAT STARCH WHEAT FLOUR, CULTURED WHEAT FLOUR, WHEAT FLOUR, ENZYMES"
"TOMATO PUREE (WATER, TOMATO PASTE), DICED TOMATOES IN JUICE, GREEN PEPPERS, SUGAR, MUSHROOMS, ZUCCHINI, SOYBEAN OIL, SALT, CELERY, CARROTS, DEHYDRATED ONIONS, GARLIC, SPICES, LEMON JUICE.","WATER, TOMATO PASTE, DICED TOMATOES IN JUICE, GREEN PEPPERS, SUGAR, MUSHROOMS, ZUCCHINI, SOYBEAN OIL, SALT, CELERY, CARROTS, DEHYDRATED ONIONS, GARLIC, SPICES, LEMON JUICE"
"WRAPPER, ENRICHED, MALTED WHEAT FLOUR (FLOUR, MALTED BARLEY FLOUR, NIACIN, FERROUS SULFATE, THIAMINE MONONITRATE, RIBOFLAVIN, FOLIC ACID), WATER, CONTAINS 2% OR LESS OF SALT, SUGAR, SOYBEAN OIL, SWEET WHEY, FILLING: SAUCE (WATER, TOMATO PASTE, SEASONING BLEND [CORNSTARCH-MODIFIED, SALT, SUGAR, CONTAINS 2% OR LESS OF XANTHAN GUM, SPICES, SOYBEAN OIL, DEHYDRATED GARLIC, DEHYDRATED ONION, PAPRIKA, CITRIC ACID, BEET POWDER {COLOR}, GUAR GUM, SOY FLOUR, PARMESAN CHEESE [CULTURED PART-SKIM MILK, SALT, ENZYMES]), COOKED PORK & CHICKEN PIZZA TOPPING (SAUSAGE MADE WITH [PORK, MECHANICALLY SEPARATED CHICKEN, WATER, SEASONING {SPICES, CORN SYRUP SOLIDS, SALT, DRY GARLIC, CHILI PEPPER, CARAMEL COLOR}, CARAMEL COLOR, WATER, TEXTURED VEGETABLE PROTEIN {SOY PROTEIN CONCENTRATE, CARAMEL COLOR}]), PEPPERONI (PORK, BEEF, SALT, CONTAINS 2% OR LESS OF LACTIC ACID STARTER CULTURE, OLEORESIN OF PAPRIKA, SODIUM NITRITE, BHA, BHT, CITRIC ACID. MAY ALSO CONTAIN 2% OR LESS OF SPICES, SPICE EXTRACTIVES, DEXTROSE, SUGAR, FLAVORINGS, SODIUM ASCORBATE, WATER, GARLIC POWDER), RESTRICTED MELT CHEESE BLEND (MOZZARELLA CHEESE [PASTEURIZED MILK, CHEESE CULTURES, SALT, ENZYMES], IMITATION CHEESE [WATER, PALM SHORTENING, MODIFIED FOOD STARCH, WHEY POWDER, SODIUM ALUMINUM PHOSPHATE, SALT, GUM BLEND {XANTHAN GUM, LOCUST BEAN GUM, GUAR GUM}, CITRIC ACID, SORBIC ACID, DISODIUM PHOSPHATE, SODIUM CITRATE, ANTI-CAKING BLEND {CORN STARCH, CALCIUM SULFATE}]), GREEN PEPPERS, ONIONS, CONTAINS 2% OR LESS OF TEXTURED SOY FLOUR, METHYLCELLULOSE. FRIED IN VEGETABLE OIL.","WRAPPER, ENRICHED, FLOUR, MALTED BARLEY FLOUR, NIACIN, FERROUS SULFATE, THIAMINE MONONITRATE, RIBOFLAVIN, FOLIC ACID, WATER, SALT, SUGAR, SOYBEAN OIL, SWEET WHEY, WATER, TOMATO PASTE, SEASONING BLEND,CORNSTARCH-MODIFIED, SALT, SUGAR, XANTHAN GUM, SPICES, SOYBEAN OIL, DEHYDRATED GARLIC, DEHYDRATED ONION, PAPRIKA, CITRIC ACID, BEET POWDER, GUAR GUM, SOY FLOUR, CULTURED PART-SKIM MILK, SALT, ENZYMES, PORK, MECHANICALLY SEPARATED CHICKEN, WATER, SPICES, CORN SYRUP SOLIDS, SALT, DRY GARLIC, CHILI PEPPER, CARAMEL COLOR, CARAMEL COLOR, WATER, SOY PROTEIN CONCENTRATE, CARAMEL COLOR, PORK, BEEF, SALT, LACTIC ACID STARTER CULTURE, OLEORESIN OF PAPRIKA, SODIUM NITRITE, BHA, BHT, CITRIC ACID, SPICES, SPICE EXTRACTIVES, DEXTROSE, SUGAR, FLAVORINGS, SODIUM ASCORBATE, WATER, GARLIC POWDER, PASTEURIZED MILK, CHEESE CULTURES, SALT, ENZYMES, WATER, PALM SHORTENING, MODIFIED FOOD STARCH, WHEY POWDER, SODIUM ALUMINUM PHOSPHATE, SALT, XANTHAN GUM, LOCUST BEAN GUM, GUAR GUM, CITRIC ACID, SORBIC ACID, DISODIUM PHOSPHATE, SODIUM CITRATE, CORN STARCH, CALCIUM SULFATE, GREEN PEPPERS, ONIONS,  SOY FLOUR, METHYLCELLULOSE, VEGETABLE OIL"
"WHOLE OATS, BROWN RICE SYRUP, DARK CHOCOLATE CHIP (SUGAR, CHOCOLATE LIQUOR, COCOA BUTTER, NON-GMO SOY LECITHIN), RICE CRISP (RICE FLOUR, SUGAR, MALT EXTRACT, AND SALT), EVAPORATED CANE SUGAR, NON-GMO CANOLA OIL, AND VANILLA EXTRACT","WHOLE OATS, BROWN RICE SYRUP, SUGAR, CHOCOLATE LIQUOR, COCOA BUTTER, NON-GMO SOY LECITHIN, RICE FLOUR, SUGAR, MALT EXTRACT, SALT, EVAPORATED CANE SUGAR, NON-GMO CANOLA OIL, VANILLA EXTRACT"
"ENRICHED FLOUR (WHEAT FLOUR, NIACIN, REDUCED IRON, VITAMIN B1 [THIAMIN MONONITRATE], VITAMIN B2 (RIBOFLAVIN), FOLIC ACID), SOYBEAN OIL (WITH TBHQ FOR FRESHNESS), DRIED POTATOES, MODIFIED CORN STARCH, SUGAR, OAT FIBER. CONTAINS 2% OR LESS OF LEAVENING (BAKING SODA, SODIUM ACID PYROPHOSPHATE, MONOCALCIUM PHOSPHATE), SALT, SOY LECITHIN, SPICES, GARLIC POWDER, ONION POWDER, WHITE VINEGAR POWDER, BUTTERMILK, NATURAL FLAVOR.","WHEAT FLOUR, NIACIN, REDUCED IRON, VITAMIN B1, VITAMIN B2 , FOLIC ACID, SOYBEAN OIL,TBHQ, DRIED POTATOES, MODIFIED CORN STARCH, SUGAR, OAT FIBER, BAKING SODA, SODIUM ACID PYROPHOSPHATE, MONOCALCIUM PHOSPHATE, SALT, SOY LECITHIN, SPICES, GARLIC POWDER, ONION POWDER, WHITE VINEGAR POWDER, BUTTERMILK, NATURAL FLAVOR"
"SUGAR, CORN SYRUP, MODIFIED CORN STARCH, CORN STARCH, NATURAL AND ARTIFICIAL FLAVOR, CARNAUBA WAX, BEESWAX, ARTIFICIAL COLORS (INCLUDING RED 40, YELLOW 5, BLUE 1), MALIC ACID.","SUGAR, CORN SYRUP, MODIFIED CORN STARCH, CORN STARCH, ARTIFICIAL FLAVOR, CARNAUBA WAX, BEESWAX, RED 40, YELLOW 5, BLUE 1, MALIC ACID"
SOCKEYE SALMON (MAY CONTAIN BONES).,SOCKEYE SALMON
"CORN SYRUP, WATER, GLYCERIN, COCOA PROCESSED WITH ALKALI, FRUCTOSE, CONTAINS 2% OR LESS: MODIFIED CORN STARCH, CHOCOLATE LIQUOR PROCESSED WITH ALKALI (WITH MILK), NATURAL FLAVOR (FROM MILK AND SOYBEAN), POTASSIUM SORBATE AND SODIUM BENZOATE (PRESERVATIVES), SALT, SOY LECITHIN, POLYSORBATE 60.","CORN SYRUP, WATER, GLYCERIN, COCOA PROCESSED WITH ALKALI, FRUCTOSE, MODIFIED CORN STARCH, CHOCOLATE LIQUOR, MILK, SOYBEAN,POTASSIUM SORBATE, SODIUM BENZOATE, SALT, SOY LECITHIN, POLYSORBATE 60"
"WATER, CORN SYRUP, HIGH FRUCTOSE CORN SYRUP, SUGAR, ARTIFICIAL FLAVORS, CITRIC ACID, LOCUST BEAN GUM, GUAR GUM, ASCORBIC ACID (VITAMIN C), CARRAGEENAN, POLYSORBATE 80, ARTIFICIAL COLORS (BLUE #1, RED #3, RED #40). ","WATER, CORN SYRUP, HIGH FRUCTOSE CORN SYRUP, SUGAR, ARTIFICIAL FLAVORS, CITRIC ACID, LOCUST BEAN GUM, GUAR GUM, VITAMIN C, CARRAGEENAN, POLYSORBATE 80, BLUE #1, RED #3, RED #40"
"ALMONDS, CASHEWS, BRAZIL NUTS, HAZELNUTS, PECANS, PEANUT OIL AND/OR COTTONSEED OIL AND/OR SUNFLOWER SEED OIL AND/OR CANOLA OIL, SEA SALT.","ALMONDS, CASHEWS, BRAZIL NUTS, HAZELNUTS, PECANS, COTTONSEED OIL, SUNFLOWER SEED OIL,CANOLA OIL, SEA SALT"
"ENRICHED FLOUR (WHEAT FLOUR, NIACIN, REDUCED IRON, THIAMIN MONONITRATE, RIBOFLAVIN, FOLIC ACID), SUNFLOWER AND/OR CANOLA OIL (CONTAINS ASCORBIC ACID AND ROSEMARY EXTRACT FOR FRESHNESS), WHOLE WHEAT FLOUR, EVAPORATED CANE SUGAR, TOASTED SOY GRITS, WHEAT BRAN, INVERT SUGAR, ROLLED OATS, SALT, AMMONIUM BICARBONATE, DEHYDRATED ONION, DEHYDRATED GARLIC, OAT FIBER, CARAWAY SEEDS, POPPY SEEDS, SESAME SEEDS, MONOCALCIUM PHOSPHATE, SODIUM BICARBONATE, WHEAT GLUTEN, ENZYMES.","WHEAT FLOUR, NIACIN, REDUCED IRON, THIAMIN MONONITRATE, RIBOFLAVIN, FOLIC ACID, ASCORBIC ACID,ROSEMARY EXTRACT, WHOLE WHEAT FLOUR, EVAPORATED CANE SUGAR, TOASTED SOY GRITS, WHEAT BRAN, INVERT SUGAR, ROLLED OATS, SALT, AMMONIUM BICARBONATE, DEHYDRATED ONION, DEHYDRATED GARLIC, OAT FIBER, CARAWAY SEEDS, POPPY SEEDS, SESAME SEEDS, MONOCALCIUM PHOSPHATE, SODIUM BICARBONATE, WHEAT GLUTEN, ENZYMES"
"WATER, TOMATO PUREE (WATER, TOMATO PASTE), ENRICHED PASTA (DURUM WHEAT SEMOLINA, NIACIN, REDUCED IRON, THIAMINE MONONITRATE [VITAMIN B1], RIBOFLAVIN [VITAMIN B2], FOLIC ACID), HIGH FRUCTOSE CORN SYRUP, LESS THAN 2% OF: SALT, PASTEURIZED PROCESSED CHEESE (CHEDDAR AND ENZYME MODIFIED CHEDDAR [PASTEURIZED MILK, CULTURES, SALT, ENZYMES], WATER, SODIUM PHOSPHATE, MILKFAT, SALT, APO-CAROTENAL [COLOR]), ENZYME MODIFIED CHEESE (CHEDDAR CHEESE [PASTEURIZED MILK, CULTURES, SALT, ENZYMES], CREAM, WATER, SALT, SODIUM PHOSPHATE, XANTHAN GUM, APO-CAROTENAL [COLOR]), MODIFIED CORN STARCH, ONION POWDER, CITRIC ACID, FLAVORING, SOYBEAN OIL.","WATER, WATER, TOMATO PASTE, DURUM WHEAT SEMOLINA, NIACIN, REDUCED IRON, VITAMIN B1, VITAMIN B2, FOLIC ACID, HIGH FRUCTOSE CORN SYRUP, SALT, PASTEURIZED MILK, CULTURES, SALT, ENZYMES, WATER, SODIUM PHOSPHATE, MILKFAT, SALT, APO-CAROTENAL, PASTEURIZED MILK, CULTURES, SALT, ENZYMES, CREAM, WATER, SALT, SODIUM PHOSPHATE, XANTHAN GUM, APO-CAROTENA, MODIFIED CORN STARCH, ONION POWDER, CITRIC ACID, SOYBEAN OIL"
"XYLITOL, PEPPERMINT OIL, CREAM OF TARTAR, CALCIUM STEARATE.","XYLITOL, PEPPERMINT OIL, CREAM OF TARTAR, CALCIUM STEARATE"
"CANOLA OIL, OLIVE OIL, BALSAMIC VINEGAR (BALSAMIC VINEGAR OF MODENA, NATURALLY OCCURRING SULFITES), SUGAR, HONEY, EGG YOLK, SALT, GARLIC, BLACK PEPPER.","CANOLA OIL, OLIVE OIL, BALSAMIC VINEGAR OF MODENA, NATURALLY OCCURRING SULFITES, SUGAR, HONEY, EGG YOLK, SALT, GARLIC, BLACK PEPPER"
"ORGANIC ORANGE JUICE, ORGANIC PINEAPPLE JUICE, ORGANIC MANGO PUREE, ORGANIC APPLE JUICE, ORGANIC ACEROLA CHERRY JUICE.","ORGANIC ORANGE JUICE, ORGANIC PINEAPPLE JUICE, ORGANIC MANGO PUREE, ORGANIC APPLE JUICE, ORGANIC ACEROLA CHERRY JUICE"
"ORGANIC PASTEURIZED CULTURED PART SKIM COWS' MILK, SALT, VEGETARIAN ENZYME.","ORGANIC PASTEURIZED CULTURED PART SKIM COWS' MILK, SALT, VEGETARIAN ENZYME"
"TOMATOES (TOMATO PUREE, WATER), COOKED ENRICHED SPAGHETTI (WATER, ENRICHED WHEAT FLOUR [DURUM WHEAT SEMOLINA, NIACIN, REDUCED IRON, THIAMINE MONONITRATE {VITAMIN B1}, RIBOFLAVIN {VITAMIN B2}, FOLIC ACID], WHEAT PROTEIN ISOLATE [WHEAT GLUTEN, SODIUM PHOSPHATE, LACTIC ACID], GLYCERYL MONOSTEARATE), MEATBALLS (ANGUS BEEF, BREAD CRUMB [WHEAT FLOUR, SUGAR, SALT, YEAST], DICED TOMATOES WITH JUICE, WATER, PARMESAN CHEESE [CULTURED, PASTEURIZED PART-SKIM MILK, SALT, ENZYMES], SALT, SOY PROTEIN CONCENTRATE, GARLIC POWDER, ONION POWDER, SPICES, CITRIC ACID), WATER, LESS THAN 2% OF: SUGAR, SALT, MODIFIED CORN STARCH, ROMANO CHEESE FROM COW'S MILK (CULTURED PART-SKIM MILK, SALT, ENZYMES), DRIED GARLIC, DRIED ONION, OLIVE OIL, SPICE, CITRIC ACID.","TOMATO PUREE, WATER,  WATER, DURUM WHEAT SEMOLINA, NIACIN, REDUCED IRON, VITAMIN B1, VITAMIN B2, FOLIC ACID, WHEAT GLUTEN, SODIUM PHOSPHATE, LACTIC ACID, GLYCERYL MONOSTEARATE, ANGUS BEEF, WHEAT FLOUR, SUGAR, SALT, YEAST, DICED TOMATOES WITH JUICE, WATER, CULTURED, PASTEURIZED PART-SKIM MILK, SALT, ENZYMES, SALT, SOY PROTEIN CONCENTRATE, GARLIC POWDER, ONION POWDER, SPICES, CITRIC ACID, WATER, SUGAR, SALT, MODIFIED CORN STARCH, CULTURED PART-SKIM MILK, SALT, ENZYMES, DRIED GARLIC, DRIED ONION, OLIVE OIL, SPICE, CITRIC ACID"
"GELATIN, ADIPIC ACID, DISODIUM PHOSPHATE, MALTODEXTRIN, FUMARIC ACID, ASPARTAME* (SWEETENER), CONTAINS LESS THAN 2% OF ARTIFICIAL FLAVOR, ACESULFAME POTASSIUM (SWEETENER), SALT, RED 40.","GELATIN, ADIPIC ACID, DISODIUM PHOSPHATE, MALTODEXTRIN, FUMARIC ACID, ASPARTAME,  ARTIFICIAL FLAVOR, ACESULFAME POTASSIUM , SALT, RED 40"
"SKIM MILK, SUGAR, CREAM, CORN SYRUP, HIGH FRUCTOSE CORN SYRUP, WHEY, WATER, CARAMEL COLOR, STABILIZER (GUAR GUM, CARRAGEENAN), ARTIFICIAL VANILLA FLAVORING, CITRIC ACID.","SKIM MILK, SUGAR, CREAM, CORN SYRUP, HIGH FRUCTOSE CORN SYRUP, WHEY, WATER, CARAMEL COLOR,GUAR GUM, CARRAGEENAN, ARTIFICIAL VANILLA FLAVORING, CITRIC ACID"
"ENRICHED FLOUR (WHEAT FLOUR, MALTED BARLEY FLOUR, NIACIN, IRON, THIAMIN MONONITRATE, RIBOFLAVIN, FOLIC ACID), MARGARINE [PALM OIL, WATER, SOYBEAN OIL, SUGAR, SOY LECITHIN, MONO & DIGLYCERIDES, POTASSIUM SORBATE AND CITRIC ACID (ADDED AS PRESERVATIVES), NATURAL FLAVOR, BETA CAROTENE (COLOR), VITAMIN A PALMITATE], SUGAR, WATER, CREAM CHEESE FILLING [MILK, PASTEURIZED MILK & CREAM, SKIM MILK, PALM OIL, MILK PROTEIN CONCENTRATE, WATER, CHEESE CULTURE, SALT, XANTHAN GUM, CAROB BEAN GUM, GUAR GUM, LACTIC ACID, MONO & DIGLYCERIDES, CITRIC ACID, APOCAROTENAL (COLOR)], HIGH FRUCTOSE CORN SYRUP, EGGS, PALM OIL, DEXTROSE, CONTAINS 2% OR LESS OF THE FOLLOWING: MODIFIED CORN STARCH, YEAST, MONO & DIGLYCERIDES, WHEY, TAPIOCA STARCH, SALT, SOY FLOUR, CORN STARCH, CORN SYRUP, NATURAL & ARTIFICIAL FLAVORS, CALCIUM SULFATE, AMMONIUM SULFATE, ENZYMES, CALCIUM CARBONATE, AGAR, TITANIUM DIOXIDE, SORBITAN MONOSTEARATE, CORN FLOUR, OLEORESIN TURMERIC, SOYBEAN OIL, SOY LECITHIN, OLEORESIN PAPRIKA, GLYCERYL MONOOLEATE, POLYSORBATE 60, LEAVENING (SODIUM ACID PYROPHOSPHATE, SODIUM BICARBONATE, CORN STARCH, MONOCALCIUM PHOSPHATE), POTASSIUM SORBATE (PRESERVATIVE), SODIUM STEAROYL LACTYLATE, LEMON JUICE CONCENTRATE, DISTILLED MONOGLYCERIDE, CALCIUM PROPIONATE (PRESERVATIVE), ASCORBIC ACID, CALCIUM PHOSPHATE, XANTHAN GUM.","WHEAT FLOUR, MALTED BARLEY FLOUR, NIACIN, IRON, THIAMIN MONONITRATE, RIBOFLAVIN, FOLIC ACID, PALM OIL, WATER, SOYBEAN OIL, SUGAR, SOY LECITHIN, MONO & DIGLYCERIDES, POTASSIUM SORBATE,CITRIC ACID , NATURAL FLAVOR, BETA CAROTENE VITAMIN A PALMITATE, SUGAR, WATER, MILK, PASTEURIZED MILK & CREAM, SKIM MILK, PALM OIL, MILK PROTEIN CONCENTRATE, WATER, CHEESE CULTURE, SALT, XANTHAN GUM, CAROB BEAN GUM, GUAR GUM, LACTIC ACID, MONO & DIGLYCERIDES, CITRIC ACID, APOCAROTENAL, HIGH FRUCTOSE CORN SYRUP, EGGS, PALM OIL, DEXTROSE, MODIFIED CORN STARCH, YEAST, MONO & DIGLYCERIDES, WHEY, TAPIOCA STARCH, SALT, SOY FLOUR, CORN STARCH, CORN SYRUP, NATURAL & ARTIFICIAL FLAVORS, CALCIUM SULFATE, AMMONIUM SULFATE, ENZYMES, CALCIUM CARBONATE, AGAR, TITANIUM DIOXIDE, SORBITAN MONOSTEARATE, CORN FLOUR, OLEORESIN TURMERIC, SOYBEAN OIL, SOY LECITHIN, OLEORESIN PAPRIKA, GLYCERYL MONOOLEATE, POLYSORBATE 60, SODIUM ACID PYROPHOSPHATE, SODIUM BICARBONATE, CORN STARCH, MONOCALCIUM PHOSPHATE, POTASSIUM SORBATE, SODIUM STEAROYL LACTYLATE, LEMON JUICE CONCENTRATE, DISTILLED MONOGLYCERIDE, CALCIUM PROPIONATE, ASCORBIC ACID, CALCIUM PHOSPHATE, XANTHAN GUM"
"ORGANIC COCONUT WATERâ , ORGANIC CHOCOLATE FLAVOR.","ORGANIC COCONUT WATER , ORGANIC CHOCOLATE FLAVOR"
"PEANUTS, SUGAR, HONEY BEE, GLUCOSE, WHEAT FLOUR, VANILLA EXTRACT, CITRIC ACID AS CONSERVATIVE","PEANUTS, SUGAR, HONEY BEE, GLUCOSE, WHEAT FLOUR, VANILLA EXTRACT, CITRIC ACID"
"WHOLE WHEAT FLOUR, WATER, ENRICHED WHEAT FLOUR [FLOUR, MALTED BARLEY FLOUR, REDUCED IRON, NIACIN, THIAMIN MONONITRATE (VITAMIN B1), RIBOFLAVIN (VITAMIN B2), FOLIC ACID], YEAST, BULGUR WHEAT, WHOLE WHEAT, WHEAT GLUTEN, HONEY, PRESERVATIVES (CALCIUM PROPIONATE, SORBIC ACID), SEA SALT, OLIVE OIL, NATURAL FLAVOR, CELLULOSE FIBER, DATEM, GRAIN VINEGAR, MONOGLYCERIDES, CITRIC ACID, CELLULOSE GUM, XANTHAN GUM, LEAVENING (SODIUM ACID PYROPHOSPHATE, BAKING SODA, MONOCALCIUM PHOSPHATE), SOY LECITHIN.","WHOLE WHEAT FLOUR, WATER, FLOUR, MALTED BARLEY FLOUR, REDUCED IRON, NIACIN, VITAMIN B1, VITAMIN B2, FOLIC ACID, YEAST, BULGUR WHEAT, WHOLE WHEAT, WHEAT GLUTEN, HONEY, CALCIUM PROPIONATE, SORBIC ACID, SEA SALT, OLIVE OIL, NATURAL FLAVOR, CELLULOSE FIBER, DATEM, GRAIN VINEGAR, MONOGLYCERIDES, CITRIC ACID, CELLULOSE GUM, XANTHAN GUM, SODIUM ACID PYROPHOSPHATE, BAKING SODA, MONOCALCIUM PHOSPHATE, SOY LECITHIN"
"SUGAR, WHOLE WHEAT FLOUR, EGGS, CRANBERRIES, SOYBEAN OIL, WATER, SOUR CREAM (CULTURED PASTEURIZED CREAM, NONFAT MILK, ENZYMES), STREUSEL TOPPING (WHEAT FLOUR [WHEAT FLOUR, MALTED BARLEY FLOUR], SUGAR, PALM OIL, NATURAL FLAVOR [MILK], TURMERIC [COLOR]), WHEAT FLOUR (WHEAT FLOUR, MALTED BARLEY FLOUR), BUTTERMILK SOLIDS, CORN STARCH, LEAVENING (SODIUM ACID PYROPHOSPHATE, BAKING SODA), RICE STARCH, MONO AND DIGLYCERIDES, SEA SALT, OIL OF ORANGE, NATURAL FLAVOR, XANTHAN GUM, ANNATTO COLOR, ENZYME.","SUGAR, WHOLE WHEAT FLOUR, EGGS, CRANBERRIES, SOYBEAN OIL, WATER, CULTURED PASTEURIZED CREAM, NONFAT MILK, ENZYMES, WHEAT FLOUR WHEAT FLOUR, MALTED BARLEY FLOUR, SUGAR, PALM OIL, MILK, TURMERIC,  WHEAT FLOUR, MALTED BARLEY FLOUR, BUTTERMILK SOLIDS, CORN STARCH, SODIUM ACID PYROPHOSPHATE, BAKING SODA, RICE STARCH,DIGLYCERIDES, SEA SALT, OIL OF ORANGE, NATURAL FLAVOR, XANTHAN GUM, ANNATTO COLOR, ENZYME"
"ENRICHED UNBLEACHED WHEAT FLOUR (WHEAT FLOUR, MALTED BARLEY FLOUR, NIACIN, REDUCED IRON, THIAMIN MONONITRATE, RIBOFLAVIN AND FOLIC ACID), WATER, GRAIN BLEND (SUNFLOWER SEEDS, ROLLED WHEAT, WHOLE WHEAT FLOUR, CORN MEAL, BARLEY FLAKES, OAT FLAKES, RYE MEAL, TRITICALE FLAKES, WHEAT BRAN, BROWN RICE MEAL, FLAXSEED, MILLET SEEDS, BUCKWHEAT FLOUR), SUGAR, YEAST, CONTAINS 2% OR LESS OF EACH OF THE FOLLOWING: VITAL WHEAT GLUTEN, RAISIN JUICE CONCENTRATE, MOLASSES, HONEY, DISTILLED VINEGAR, SALT, VEGETABLE OIL (CANOLA AND/OR SOY), POPPY SEEDS, YEAST NUTRIENT (AMMONIUM SULFATE), DOUGH CONDITIONERS (SODIUM STEAROYL LACTYLATE, ASCORBIC ACID, MONOCALCIUM PHOSPHATE), CALCIUM PROPIONATE (MOLD INHIBITOR), CALCIUM SULFATE (A SOURCE OF CALCIUM), ENZYMES, NONFAT DRY MILK, SOY FLOUR.","WHEAT FLOUR, MALTED BARLEY FLOUR, NIACIN, REDUCED IRON, THIAMIN MONONITRATE, RIBOFLAVIN, FOLIC ACID, WATER, SUNFLOWER SEEDS, ROLLED WHEAT, WHOLE WHEAT FLOUR, CORN MEAL, BARLEY FLAKES, OAT FLAKES, RYE MEAL, TRITICALE FLAKES, WHEAT BRAN, BROWN RICE MEAL, FLAXSEED, MILLET SEEDS, BUCKWHEAT FLOUR, SUGAR, YEAST,  VITAL WHEAT GLUTEN, RAISIN JUICE CONCENTRATE, MOLASSES, HONEY, DISTILLED VINEGAR, SALT, CANOLA, SOY, POPPY SEEDS, AMMONIUM SULFATE, SODIUM STEAROYL LACTYLATE, ASCORBIC ACID, MONOCALCIUM PHOSPHATE, CALCIUM PROPIONATE, CALCIUM SULFATE, ENZYMES, NONFAT DRY MILK, SOY FLOUR"
"BREAD (ENRICHED WHEAT FLOUR (WHEAT FLOUR, MALTED BARLEY FLOUR, NIACIN, REDUCED IRON, THIAMIN MONONITRATE, RIBOFLAVIN, FOLIC ACID), WATER, GRAIN BLEND (FERMENTED WHEAT FLOUR, WHEAT GRAIN, RYE GRAIN, OAT GRAIN, FLAX SEEDS, RYE SOURDOUGH, MILLET, TEFF SEEDS, SALT), CRACKED RYE, WHEAT BRAN, WHEAT GLUTEN, YEAST, SUGAR, SALT, FERMENTED RYE FLOUR, VEGETABLE OIL (CANOLA OIL OR SOYBEAN OIL), DOUGH CONDITIONERS (CALCIUM SULFATE, ASCORBIC ACID, ENZYMES), WHEAT STARCH, LACTIC ACID), BLACK FOREST HAM (CURED WITH WATER, SALT, SUGAR, DEXTROSE, SODIUM PHOSPHATE, HONEY, SODIUM ERYTHORBATE, SODIUM NITRITE, CARAMEL COLOR), TURKEY BREAST (TURKEY BREAST, TURKEY BROTH, SALT, SODIUM PHOSPHATES COATED WITH SALT, SPICE, PAPRIKA, PARSLEY, TURMERIC), SWISS CHEESE (PASTEURIZED MILK, CHEESE CULTURES, SALT, MICROBIAL ENZYMES), BACON (CURED WITH WATER, SALT, SUGAR, NATURAL SMOKE FLAVOR, SODIUM PHOSPHATE, SODIUM ERYTHORBATE, SODIUM NITRITE), LETTUCE","WHEAT FLOUR, MALTED BARLEY FLOUR, NIACIN, REDUCED IRON, THIAMIN MONONITRATE, RIBOFLAVIN, FOLIC ACID,WATER, FERMENTED WHEAT FLOUR, WHEAT GRAIN, RYE GRAIN, OAT GRAIN, FLAX SEEDS, RYE SOURDOUGH, MILLET, TEFF SEEDS, SALT, CRACKED RYE, WHEAT BRAN, WHEAT GLUTEN, YEAST, SUGAR, SALT, FERMENTED RYE FLOUR, VEGETABLE OIL,CANOLA OIL, SOYBEAN OIL, CALCIUM SULFATE, ASCORBIC ACID, ENZYMES, WHEAT STARCH, LACTIC ACID, WATER, SALT, SUGAR, DEXTROSE, SODIUM PHOSPHATE, HONEY, SODIUM ERYTHORBATE, SODIUM NITRITE, CARAMEL COLOR, TURKEY BREAST, TURKEY BROTH, SALT, SODIUM PHOSPHATES COATED WITH SALT, SPICE, PAPRIKA, PARSLEY, TURMERIC, PASTEURIZED MILK, CHEESE CULTURES, SALT, MICROBIAL ENZYMES, WATER, SALT, SUGAR, NATURAL SMOKE FLAVOR, SODIUM PHOSPHATE, SODIUM ERYTHORBATE, SODIUM NITRITE, LETTUCE"
"DICED TOMATOES (TOMATO JUICE, SALT, AND CALCIUM CHLORIDE), ARTICHOKES, EXTRA VIRGIN OLIVE OIL, FRESH BASIL, FRESH GARLIC, SUGAR, KOSHER SALT, AND BLACK PEPPER.","TOMATO JUICE, SALT, CALCIUM CHLORIDE, ARTICHOKES, EXTRA VIRGIN OLIVE OIL, FRESH BASIL, FRESH GARLIC, SUGAR, KOSHER SALT, BLACK PEPPER"
"DARK CHOCOLATE (CHOCOLATE LIQUOR, SUGAR, COCOA BUTTER, SOY LECITHIN, VANILLA FLAVOR), CRUSHED PEPPERMINT CANDY (SUGAR, CORN SYRUP, NATURAL FLAVOR, RED 40), DARK CHOCOLATE CRUNCH (UNBLEACHED WHEAT FLOUR, SUGAR, CANOLA OIL, COCOA [PROCESSED WITH ALKALI], BAKING SODA, SALT, NATURAL FLAVORS), VANILLA BEAN POWDER, ARTIFICIAL FRENCH VANILLA FLAVOR.","CHOCOLATE LIQUOR, SUGAR, COCOA BUTTER, SOY LECITHIN, VANILLA FLAVOR, SUGAR, CORN SYRUP, NATURAL FLAVOR, RED 40, UNBLEACHED WHEAT FLOUR, SUGAR, CANOLA OIL, COCOA, BAKING SODA, SALT, NATURAL FLAVORS, VANILLA BEAN POWDER, ARTIFICIAL FRENCH VANILLA FLAVOR"
"ENRICHED WHEAT FLOUR (WHEAT FLOUR, NIACIN, IRON, THIAMINE MONONITRATE, RIBOFLAVIN, FOLIC ACID), CORN MEAL, HIGH FRUCTOSE CORN SYRUP, ONIONS*, SALT, PARTIALLY HYDROGENATED SOYBEAN OIL, HYDROLYZED CORN AND SOY PROTEIN, YEAST, COOKED CHICKEN AND CHICKEN BROTH, CELERY*, MONOSODIUM GLUTAMATE, PARSLEY*, CHICKEN FAT, WHEY (FROM MILK), DEXTROSE, SPICES, SUGAR, TURMERIC (COLOR), CORN STARCH, CARAMEL (COLOR), NATURAL FLAVOR, ANNATTO (COLOR), CALCIUM PROPIONATE (PRESERVATIVE).","WHEAT FLOUR, NIACIN, IRON, THIAMINE MONONITRATE, RIBOFLAVIN, FOLIC ACID, CORN MEAL, HIGH FRUCTOSE CORN SYRUP, ONIONS, SALT, PARTIALLY HYDROGENATED SOYBEAN OIL, SOY PROTEIN, YEAST, COOKED CHICKEN, CHICKEN BROTH, CELERY, MONOSODIUM GLUTAMATE, PARSLEY, CHICKEN FAT, WHEY, DEXTROSE, SPICES, SUGAR, TURMERIC, CORN STARCH, CARAMEL, NATURAL FLAVOR, ANNATTO, CALCIUM PROPIONATE"
"PORK (PORK, WATER, POTASSIUM CHLORIDE, VINEGAR, NATURAL FLAVOR), BARBECUE SAUCE (HIGH FRUCTOSE CORN SYRUP, DISTILLED VINEGAR, TOMATO PASTE, MODIFIED FOOD STARCH, CONTAINS LESS THAN 2% OF: SALT, PINEAPPLE JUICE CONCENTRATE, NATURAL SMOKE FLAVOR, SPICES, CARAMEL COLOR, SODIUM BENZOATE AS A PRESERVATIVE, MOLASSES, CORN SYRUP, DRIED GARLIC, SUGAR, TAMARIND, NATURAL FLAVOR).","PORK, WATER, POTASSIUM CHLORIDE, VINEGAR, NATURAL FLAVOR, HIGH FRUCTOSE CORN SYRUP, DISTILLED VINEGAR, TOMATO PASTE, MODIFIED FOOD STARCH, SALT, PINEAPPLE JUICE CONCENTRATE, NATURAL SMOKE FLAVOR, SPICES, CARAMEL COLOR, SODIUM BENZOATE, MOLASSES, CORN SYRUP, DRIED GARLIC, SUGAR, TAMARIND, NATURAL FLAVOR"
"GLUCOSE SYRUP, SUGAR, GELATIN, 6% FRUIT JUICE FROM CONCENTRATE (STRAWBERRY, RASPBERRY, BLACK CURRENT CHERRY), CITRIC ACID, LACTIC ACID, PECTIN, NATURAL FLAVOR, NATURAL COLOR (BLACK CURRANT, CARROT, ELDERFLOWER, GRAPE), VEGETABLE OIL (COCONUT, PALM KERNET), BEESWAX, CARNAUBA WAX","GLUCOSE SYRUP, SUGAR, GELATIN, STRAWBERRY, RASPBERRY, BLACK CURRENT CHERRY, CITRIC ACID, LACTIC ACID, PECTIN, NATURAL FLAVOR, BLACK CURRANT, CARROT, ELDERFLOWER, GRAPE, VEGETABLE OIL,COCONUT, PALM KERNET, BEESWAX, CARNAUBA WAX"
"CHICKEN, MONTEREY JACK CHEESE (PASTEURIZED MILK, CHEESE CULTURES, SALT, ENZYMES), WATER, LESS THAN 2% OF VINEGAR, SEA SALT, SPICES, DEHYDRATED ONION, DEHYDRATED GARLIC, SUGAR, PAPRIKA (COLOR), LIME JUICE POWDER, CILANTRO, LEMON JUICE POWDER, IN A NATURAL PORK CASING.","CHICKEN, PASTEURIZED MILK, CHEESE CULTURES, SALT, ENZYMES, WATER, VINEGAR, SEA SALT, SPICES, DEHYDRATED ONION, DEHYDRATED GARLIC, SUGAR, PAPRIKA, LIME JUICE POWDER, CILANTRO, LEMON JUICE POWDER, PORK"
"FINISHING SAUCE: TOMATO PUREE [WATER, TOMATO PASTE], SUGAR, MOLASSES, BROWN SUGAR, DISTILLED VINEGAR, SALT, ORGANIC HONEY, NATURAL FLAVOR [INCLUDING MESQUITE SMOKE], CORN STARCH, SPICES [INCLUDING RED PEPPER], CONTAINS LESS THAN 0.5% OF: ONION, GUAR GUM [THICKENER], GARLIC, XANTHAN GUM [THICKENER] COOKING SAUCE: WATER, SUGAR, LIME JUICE, DISTILLED VINEGAR, SPICES [INCLUDING CHILI PEPPER, GINGER, RED PEPPER], TAMARI SOY SAUCE [WATER, SOYBEANS, SALT, SUGAR], GARLIC, SALT, ONION, CONTAINS LESS THAN 0.5% OF: MOLASSES, GUAR GUM [THICKENER], XANTHAN GUM [THICKENER], NATURAL FLAVOR [INCLUDING HICKORY SMOKE] SPICE PACK: SEA SALT, PAPRIKA, SPICES, GARLIC, TURMERIC, TRICALCIUM PHOSPHATE [TO MAKE FREE FLOWING], NATURAL FLAVOR [INCLUDING HICKORY SMOKE]","WATER, TOMATO PASTE, SUGAR, MOLASSES, BROWN SUGAR, DISTILLED VINEGAR, SALT, ORGANIC HONEY, INCLUDING MESQUITE SMOKE, CORN STARCH, RED PEPPER, ONION, GUAR GUM, GARLIC, XANTHAN GUM,WATER, SUGAR, LIME JUICE, DISTILLED VINEGAR, CHILI PEPPER, GINGER, RED PEPPER, WATER, SOYBEANS, SALT, SUGAR, GARLIC, SALT, ONION, MOLASSES, GUAR GUM, XANTHAN GUM, NATURAL FLAVOR , HICKORY SMOKE,  SEA SALT, PAPRIKA, SPICES, GARLIC, TURMERIC, TRICALCIUM PHOSPHATE, NATURAL HICKORY SMOKE"
"VEGETABLE OIL (SOYBEAN OIL AND/OR CANOLA OIL), WATER, SUGAR, APPLE CIDER VINEGAR, DISTILLED VINEGAR, ONION, CONTAINS 2% OR LESS OF: SALT, POPPY SEEDS, MUSTARD FLOUR, XANTHAN GUM, CITRIC ACID.","SOYBEAN OIL, CANOLA OIL, WATER, SUGAR, APPLE CIDER VINEGAR, DISTILLED VINEGAR, ONION, SALT, POPPY SEEDS, MUSTARD FLOUR, XANTHAN GUM, CITRIC ACID"
"WHITE CHOCOLATE (SUGAR, COCOA BUTTER, WHOLE MILK POWDER, NONFAT DRY MILK, SOY LECITHIN - AN EMULSIFIER, VANILLA), VANILLA, NATURAL FLAVOR, GROUND VANILLA BEANS.","SUGAR, COCOA BUTTER, WHOLE MILK POWDER, NONFAT DRY MILK, SOY LECITHIN, VANILLA, VANILLA, NATURAL FLAVOR, GROUND VANILLA BEANS"
"SOY SAUCE (WATER, WHEAT, SOYBEANS, SALT), SUGAR, WATER, SALT, VINEGAR, BONITO EXTRACT (FISH), NATURAL FLAVOR, MONOSODIUM GLUTAMATE, CARAMEL COLOR, DISODIUM INOSINATE, DISODIUM GUANYLATE, SUCCINIC ACID, SODIUM BENZOATE: LESS THAN 1/10 OF 1% AS A PRESERVATIVE.","WATER, WHEAT, SOYBEANS, SALT, SUGAR, WATER, SALT, VINEGAR, BONITO EXTRACT, NATURAL FLAVOR, MONOSODIUM GLUTAMATE, CARAMEL COLOR, DISODIUM INOSINATE, DISODIUM GUANYLATE, SUCCINIC ACID, SODIUM BENZOATE"
"WHOLE GRAIN ROLLED OATS, FLAXSEED, SALT, NATURAL AND ARTIFICIAL FLAVOR, SUCRALOSE, ACESULFAME POTASSIUM, CARAMEL COLOR. VITAMINS & MINERALS : CALCIUM CARBONATE, FERRIC ORTHOPHOSPHARTE (SOURCE OF IRON), ALPHA TOCOPHEROL ACETATE (VITAMIN E), NIACLIAMIDE*, VITAMIN A PALMITATE, PYRIDOXXINE HYDROCHLORIDE*, RIBOFLAVIN*, THIAMIN MONONITRATE*, FOLIC ACID*. *ONE OF THE B VITAMINS","WHOLE GRAIN ROLLED OATS, FLAXSEED, SALT, ARTIFICIAL FLAVOR, SUCRALOSE, ACESULFAME POTASSIUM, CARAMEL COLOR, CALCIUM CARBONATE, FERRIC ORTHOPHOSPHARTE, ALPHA TOCOPHEROL ACETATE, NIACLIAMIDE, VITAMIN A PALMITATE, PYRIDOXXINE HYDROCHLORIDE, RIBOFLAVIN, THIAMIN MONONITRATE, FOLIC ACID, B VITAMINS"
"WHEAT FLOUR, NIACIN, REDUCE IRON, THIAMINE MONONITRATE, RIBOFLAVIN, FOLIC ACID, PALM OIL, YELLOW CORN, WHEY POWDER, DEGERMED YELLOW CORNMEAL, CANOLA OIL, MALT, WATER, SALT, ONION POWDER, CREAM, NON-FAT DRY MILK, CULTURES, MALTODEXTRIN, TOMATO POWDER, SUGAR, YEAST, GARLIC POWDER, CULTURED MILK, SALT, ENZYMES, ARTIFICIAL FLAVORS, WHEY, YEAST EXTRACT, BUTTERMILK, SODA","WHEAT FLOUR, NIACIN, REDUCE IRON, THIAMINE MONONITRATE, RIBOFLAVIN, FOLIC ACID, PALM OIL, YELLOW CORN, WHEY POWDER, DEGERMED YELLOW CORNMEAL, CANOLA OIL, MALT, WATER, SALT, ONION POWDER, CREAM, NON-FAT DRY MILK, CULTURES, MALTODEXTRIN, TOMATO POWDER, SUGAR, YEAST, GARLIC POWDER, CULTURED MILK, SALT, ENZYMES, ARTIFICIAL FLAVORS, WHEY, YEAST EXTRACT, BUTTERMILK, SODA"
"INGREDIENTS: PORK, WATER, BEEF, CORN SYRUP, CONTAINS 2% OR LESS: SALT, POTASSIUM LACTATE, FLAVORINGS, DEXTROSE, SODIUM PHOSPHATES, MONOSODIUM GLUTAMATE, SODIUM DIACETATE, ASCORBIC ACID (VITAMIN C), SODIUM NITRITE.","PORK, WATER, BEEF, CORN SYRUP,  SALT, POTASSIUM LACTATE, FLAVORINGS, DEXTROSE, SODIUM PHOSPHATES, MONOSODIUM GLUTAMATE, SODIUM DIACETATE, VITAMIN C, SODIUM NITRITE"
"ORGANIC COCONUT*, ORGANIC CACAO PASTE*, ORGANIC COCONUT SUGAR*, ORGANIC CACAO BUTTER*, ANCIENT SEABED SALT.","ORGANIC COCONUT, ORGANIC CACAO PASTE, ORGANIC COCONUT SUGAR, ORGANIC CACAO BUTTER, ANCIENT SEABED SALT"
"WATER, BEETS, SUGAR, SALT, BEETROOT POWDER, CITRIC ACID.","WATER, BEETS, SUGAR, SALT, BEETROOT POWDER, CITRIC ACID"
"WATER, TOMATO PASTE, WHITE DISTILLED VINEGAR, CORNSTARCH, SALT, GARLIC POWDER, CANE SUGAR, CAYENNE PEPPER, ONION POWDER, CHILI POWDER, CUMIN, PAPRIKA, CITRIC ACID.","WATER, TOMATO PASTE, WHITE DISTILLED VINEGAR, CORNSTARCH, SALT, GARLIC POWDER, CANE SUGAR, CAYENNE PEPPER, ONION POWDER, CHILI POWDER, CUMIN, PAPRIKA, CITRIC ACID"
"COOKIE: ENRICHED WHEAT FLOUR (FLOUR, NIACIN, IRON, ASCORBIC ACID, THIAMINE, RIBOFLAVIN, AMYLASE, FOLIC ACID), SUGAR, PALM OIL, MOLASSES, WATER, CINNAMON, SODIUM BICARBONATE, GINGER, SALT. ICINGS: SUGAR, WATER, PALM OIL, HIGH FRUCTOSE CORN SYRUP, CORN STARCH, MODIFIED CORN STARCH AND LESS THAN 1% OF SALT, ACETYLATED MONOGLYCERIDES, ARTIFICIAL FLAVOR, POLYSORBATE 60, PRESERVATIVE POTASSIUM SORBATE, CITRIC ACID, TITANIUM DIOXIDE COLOR, BLUE 1, RED 40, YELLOW 5, YELLOW 6. CANDY SEQUINS: POWDERED SUGAR, PALM KERNEL OIL, MODIFIED CORN STARCH, CORN STARCH, SUNFLOWER LECITHIN, CONFECTIONER'S GLAZE, POLYSORBATE 60, YELLOW 5, YELLOW 6, RED 3, RED 40, BLUE 1. MINIBEADS: DEXTROSE, CORN SYRUP, CITRIC ACID, CALCIUM STEARATE, TAPIOCA DEXTRIN, TITANIUM DIOXIDE COLOR, CONFECTIONER'S GLAZE, CARNAUBA WAX, ARTIFICIAL FLAVORS, RED 3, RED 40, YELLOW 5, YELLOW 6, BLUE 1.","FLOUR, NIACIN, IRON, ASCORBIC ACID, THIAMINE, RIBOFLAVIN, AMYLASE, FOLIC ACID, SUGAR, PALM OIL, MOLASSES, WATER, CINNAMON, SODIUM BICARBONATE, GINGER, SALT, SUGAR, WATER, PALM OIL, HIGH FRUCTOSE CORN SYRUP, CORN STARCH, MODIFIED CORN STARCH SALT, ACETYLATED MONOGLYCERIDES, ARTIFICIAL FLAVOR, POLYSORBATE 60, PRESERVATIVE POTASSIUM SORBATE, CITRIC ACID, TITANIUM DIOXIDE COLOR, BLUE 1, RED 40, YELLOW 5, YELLOW 6, POWDERED SUGAR, PALM KERNEL OIL, MODIFIED CORN STARCH, CORN STARCH, SUNFLOWER LECITHIN, CONFECTIONER'S GLAZE, POLYSORBATE 60, YELLOW 5, YELLOW 6, RED 3, RED 40, BLUE 1, DEXTROSE, CORN SYRUP, CITRIC ACID, CALCIUM STEARATE, TAPIOCA DEXTRIN, TITANIUM DIOXIDE COLOR, CONFECTIONER'S GLAZE, CARNAUBA WAX, ARTIFICIAL FLAVORS, RED 3, RED 40, YELLOW 5, YELLOW 6, BLUE 1"
100% ORANGE JUICE FROM CONCENTRATE (FILTERED WATER CONCENTRATED ORANGE JUICE).,"FILTERED WATER, CONCENTRATED ORANGE JUICE"
"ORGANIC WHOLE GRAN ROLLED OATS, ORGANIC CANE SUGAR, ORGANIC EXPELLER PRESSED CANOLA OIL, ORGANIC RICE FLOUR, ORGANIC CORNSTARCH ORGANIC FLAXSEED, ORGANIC HONEY, ORGANIC FREEZE DRIED BLUEBERRIES, SALT, NATURAL FLAVORS, ORGANIC BARLEY MALT SYRUP, MIXED TOCOPHEROLS (ADDED TO MAINTAIN FRESHNESS).","ORGANIC WHOLE GRAN ROLLED OATS, ORGANIC CANE SUGAR, ORGANIC EXPELLER PRESSED CANOLA OIL, ORGANIC RICE FLOUR, ORGANIC CORNSTARCH ORGANIC FLAXSEED, ORGANIC HONEY, ORGANIC FREEZE DRIED BLUEBERRIES, SALT, NATURAL FLAVORS, ORGANIC BARLEY MALT SYRUP, MIXED TOCOPHEROLS"
"CAULIFLOWER, WATER, GREEN CABBAGE, FORBIDDEN BLACK RICE, RED CABBAGE, ROASTED RED PEPPER (ROASTED PEPPER, WATER, SEA SALT, CITRIC ACID), CARROT, GREEN ONION, RICE VINEGAR (WATER, RICE), CILANTRO, OLIVE OIL, ORGANIC COCONUT AMINOS (COCONUT SAP, SEA SALT), HONEY, ORGANIC DIJON MUSTARD (ORGANIC GRAIN VINEGAR, WATER, ORGANIC MUSTARD SEED, SALT, ORGANIC SPICE), SEA SALT, GARLIC, SESAME SEED OIL, LIME JUICE, GARLIC POWDER, CRUSHED RED PEPPER, GROUND BLACK PEPPER, PAPRIKA (PAPRIKA, SILICON DIOXIDE), GINGER, SPICY ALMOND BUTTER SAUCE (ALMOND BUTTER, RICE VINEGAR [WATER, RICE], ORGANIC COCONUT AMINOS [COCONUT SAP, SEA SALT], ROASTED RED PEPPER [ROASTED PEPPER, WATER, SEA SALT, CITRIC ACID], HONEY, GINGER [GINGER, SULFUR DIOXIDE], GARLIC, SESAME SEED OIL, SEA SALT, LIME JUICE, CRUSHED RED PEPPER)","CAULIFLOWER, WATER, GREEN CABBAGE, FORBIDDEN BLACK RICE, RED CABBAGE, ROASTED PEPPER, WATER, SEA SALT, CITRIC ACID, CARROT, GREEN ONION, WATER, RICE, CILANTRO, OLIVE OIL, COCONUT SAP, SEA SALT, HONEY, ORGANIC GRAIN VINEGAR, WATER, ORGANIC MUSTARD SEED, SALT, ORGANIC SPICE, SEA SALT, GARLIC, SESAME SEED OIL, LIME JUICE, GARLIC POWDER, CRUSHED RED PEPPER, GROUND BLACK PEPPER, PAPRIKA, SILICON DIOXIDE, GINGER, ALMOND BUTTER, RICE WATER, RICE, COCONUT SAP, SEA SALT, ROASTED PEPPER, WATER, SEA SALT, CITRIC ACID, HONEY, GINGER, SULFUR DIOXIDE, GARLIC, SESAME SEED OIL, SEA SALT, LIME JUICE, CRUSHED RED PEPPER"
"HIGH FRUCTOSE CORN SYRUP, TOMATO PUREE (WATER, TOMATO PASTE), DISTILLED VINEGAR, MODIFIED FOOD STARCH. CONTAINS LESS THAN 2% OF: SALT, PINEAPPLE JUICE CONCENTRATE, NATURAL SMOKE FLAVOR, SPICES, CARAMEL COLOR, SODIUM BENZOATE (AS A PRESERVATIVE), MOLASSES, CORN SYRUP, GARLIC*, SUGAR, TAMARIND.","HIGH FRUCTOSE CORN SYRUP, WATER, TOMATO PASTE, DISTILLED VINEGAR, MODIFIED FOOD STARCH,SALT, PINEAPPLE JUICE CONCENTRATE, NATURAL SMOKE FLAVOR, SPICES, CARAMEL COLOR, SODIUM BENZOATE, MOLASSES, CORN SYRUP, GARLIC, SUGAR, TAMARIND"
"LETTUCE MIX (ICEBERG LETTUCE, ROMAINE LETTUCE), BLEU CHEESE DRESSING (WATER, SOYBEAN OIL AND/OR CANOLA OIL, DISTILLED VINEGAR, BLEU CHEESE [PASTEURIZED MILK, CHEESE CULTURES, SALT, ENZYMES, PENICILLIUM ROQUEFORTI, CELLULOSE {TO PREVENT CAKING), NATAMYCIN {TO PROTECT FLAVOR}], SUGAR, EGG YOLK, SALT, DEHYDRATED BUTTERMILK, CORNSTARCH, CONTAINS 2% OR LESS OF EACH: LEMON JUICE CONCENTRATE, NATURAL FLAVORS, SPICES (CONTAINS MUSTARD], XANTHAN GUM), SMOKED TURKEY BREAST (TURKEY BREAST, WATER, VINEGAR, POTATO STARCH, CONTAINS 2% OR LESS OF EACH: SEA SALT, POTASSIUM CHLORIDE, CELERY POWDER, CARRAGEENAN, NATURAL FLAVORING [ROSEMARY EXTRACT]), HARD BOILED EGGS, UNCURED BACON NO NITRITES OR NITRATES ADDED EXCEPT THOSE NATURALLY FOUND IN SEA SALT AND CULTURED CELERY JUICE (PORK, WATER, SEA SALT, SUGAR, NATURAL SMOKE FLAVOR, CULTURED CELERY JUICE).","ICEBERG LETTUCE, ROMAINE LETTUCE, WATER, SOYBEAN OIL, CANOLA OIL, DISTILLED VINEGAR, PASTEURIZED MILK, CHEESE CULTURES, SALT, ENZYMES, PENICILLIUM ROQUEFORTI, CELLULOSE, NATAMYCIN, SUGAR, EGG YOLK, SALT, DEHYDRATED BUTTERMILK, CORNSTARCH, LEMON JUICE CONCENTRATE, NATURAL FLAVORS, MUSTARD, XANTHAN GUM, TURKEY BREAST, WATER, VINEGAR, POTATO STARCH, SEA SALT, POTASSIUM CHLORIDE, CELERY POWDER, CARRAGEENAN, ROSEMARY EXTRACT, HARD BOILED EGGS, UNCURED BACON, PORK, WATER, SEA SALT, SUGAR, NATURAL SMOKE FLAVOR, CULTURED CELERY JUICE"
"WHOLE GRAIN ROLLED OATS, SUGAR, WHOLE GRAIN ROLLED WHEAT, RICE, PALM OIL, MOLASSES, BAKING SODA, WHEY, SOY LECITHIN, SALT, MALTED BARLEY FLOUR, WHEAT FLOUR, DEXTROSE, CORN SYRUP, SUGAR, CHOCOLATE LIQUOR, COCOA BUTTER, SOY LECITHIN, SALT, VANILLA, RICE FLOUR, RICE BRAN, SUGAR, SALT, MALT, INVERT SYRUP, CORN SYRUP SOLIDS, GLYCERIN, BROWN SUGAR, CANOLA OIL, SUGAR, SORBITOL, CALCIUM CARBONATE, SALT, SOY LECITHIN, ARTIFICIAL FLAVORS, MIXED TOCOPHEROLS, ALMOND FLOUR, PEANUT FLOUR, TOASTED COCONUT","WHOLE GRAIN ROLLED OATS, SUGAR, WHOLE GRAIN ROLLED WHEAT, RICE, PALM OIL, MOLASSES, BAKING SODA, WHEY, SOY LECITHIN, SALT, MALTED BARLEY FLOUR, WHEAT FLOUR, DEXTROSE, CORN SYRUP, SUGAR, CHOCOLATE LIQUOR, COCOA BUTTER, SOY LECITHIN, SALT, VANILLA, RICE FLOUR, RICE BRAN, SUGAR, SALT, MALT, INVERT SYRUP, CORN SYRUP SOLIDS, GLYCERIN, BROWN SUGAR, CANOLA OIL, SUGAR, SORBITOL, CALCIUM CARBONATE, SALT, SOY LECITHIN, ARTIFICIAL FLAVORS, MIXED TOCOPHEROLS, ALMOND FLOUR, PEANUT FLOUR, TOASTED COCONUT"
"GARLIC, SPICES (INCLUDING OREGANO, PARSLEY, ROSEMARY, BASIL, PAPRIKA, AND RED PEPPER), ORANGE PEEL, ONION, AND CELERY.","GARLIC, OREGANO, PARSLEY, ROSEMARY, BASIL, PAPRIKA, RED PEPPER, ORANGE PEEL, ONION, CELERY"
"WATER, PRECOOKED YELLOW CORN MEAL (ENRICHED WITH NIACIN, IRON, RIBOFLAVIN, THIAMINE AND FOLIC ACID), CORN OIL, PSYLLIUM, SEA SALT, DEHYDRATED GARLIC, ANNATTO EXTRACT AND TURMERIC FOR COLOR AND SPICE.","WATER, NIACIN, IRON, RIBOFLAVIN, THIAMINE ,FOLIC ACID, CORN OIL, PSYLLIUM, SEA SALT, DEHYDRATED GARLIC, ANNATTO EXTRACT,TURMERIC"
"CONCORD GRAPE, GRAPE APPLE, PEAR, AND CHERRY JUICES FROM CONCENTRATE (FILTERED WATER CONCORD GRAPE, GRAPE, APPLE, PEAR, AND CHERRY JUICE CONCENTRATES), CITRIC ACID (FOR TARTNESS), NATURAL FLAVOR, VEGETABLE JUICE (FOR COLOR), ASCORBIC ACID (VITAMIN C), MALIC ACID.","CONCORD GRAPE, GRAPE APPLE, PEAR, FILTERED WATER CONCORD GRAPE, GRAPE, APPLE, PEAR, CHERRY JUICE CONCENTRATES, CITRIC ACID, NATURAL FLAVOR, VEGETABLE JUICE, ASCORBIC ACID, MALIC ACID"
"HIGH FRUCTOSE CORN SYRUP, SWEETENED CONDENSED SKIM MILK (STMILK, SUGAR, CORN SYRUP), BUTTER (CREAM, SALT),COCOA PROCESSED WITH ALKALL, WATER, CHOCOLATE LIQUOR, SUGAR, POTASSIUM SORBATE & SODIUM BENZOATE AS PRESERVATIVES, DISODIUM PHOSPHATE, MONO & DIGLYCERIDES (VEGETABLE), SALT, XANTHAN GUM, CITRIC ACID, ARTIFICIAL FLAVOR.","HIGH FRUCTOSE CORN SYRUP, STMILK, SUGAR, CORN SYRUP, CREAM, SALT,COCOA PROCESSED WITH ALKALL, WATER, CHOCOLATE LIQUOR, SUGAR, POTASSIUM SORBATE, SODIUM BENZOATE, DISODIUM PHOSPHATE, MONO & DIGLYCERIDES, SALT, XANTHAN GUM, CITRIC ACID, ARTIFICIAL FLAVOR"
"WATER, ANCHO CHILI PEPPER, SALT, ROASTED ONION PUREE, CHIPOTLE PEPPERS, TOMATO PASTE, GARLIC, APPLE CIDER VINEGAR, LEMON JUICE CONCENTRATE, CANOLA OIL, YEAST EXTRACT, ONION, MODIFIED CORN STARCH, SUGAR, BLACK PEPPER, CUMIN, OREGANO, NATURAL FLAVOR, BAY LEAF.","WATER, ANCHO CHILI PEPPER, SALT, ROASTED ONION PUREE, CHIPOTLE PEPPERS, TOMATO PASTE, GARLIC, APPLE CIDER VINEGAR, LEMON JUICE CONCENTRATE, CANOLA OIL, YEAST EXTRACT, ONION, MODIFIED CORN STARCH, SUGAR, BLACK PEPPER, CUMIN, OREGANO, NATURAL FLAVOR, BAY LEAF"
"MALTITOL, SUNFLOWER OIL, SKIM MILK, WHEY PROTEIN CONCENTRATE, COCOA BUTTER, COCONUT OIL, SUNFLOWER LECITHIN, NATURAL FLAVOR.","MALTITOL, SUNFLOWER OIL, SKIM MILK, WHEY PROTEIN CONCENTRATE, COCOA BUTTER, COCONUT OIL, SUNFLOWER LECITHIN, NATURAL FLAVOR"
"INGREDIENTS: SAUTEED LOBSTER AND NATURAL LOBSTER STOCK, SALT, MONOSODIUM GLUTAMATE, CORN STARCH, TOMATO PASTE, BUTTER (CREAM, LACTIC ACID), CORN OIL, LOBSTER TOMALLEY, WATER, 2% OR LESS OF ONION POWDER, PAPRIKA, MODIFIED CORNSTARCH, SUGAR, DRIED GARLIC, NATURAL FLAVORS, SPICES.","SAUTEED LOBSTER,NATURAL LOBSTER STOCK, SALT, MONOSODIUM GLUTAMATE, CORN STARCH, TOMATO PASTE, CREAM, LACTIC ACID, CORN OIL, LOBSTER TOMALLEY, WATER, ONION POWDER, PAPRIKA, MODIFIED CORNSTARCH, SUGAR, DRIED GARLIC, NATURAL FLAVORS, SPICES"
"ROASTED ALMONDS, ROASTED PEPITAS, PECANS, DRIED CHEDDAR CHEESE (PASTEURIZED MILK, CHEESE CULTURE, SALT, ANNATTO [VEGETABLE COLOR], ENZYMES), ROASTED MACADAMIA NUTS, MCT OIL (FROM COCONUT AND/OR PALM), MICROENCAPSULATED PROBIOTIC LACTOBACILLUS RHAMNOSUS GG.","ROASTED ALMONDS, ROASTED PEPITAS, PECANS, PASTEURIZED MILK, CHEESE CULTURE, SALT, ANNATTO, ENZYMES, ROASTED MACADAMIA NUTS, MCT OIL, MICROENCAPSULATED PROBIOTIC LACTOBACILLUS RHAMNOSUS GG"
"ORGANIC BREWED BLACK TEA (PURIFIED WATER ORGANIC BLACK TEA*), ORGANIC NATURAL FLAVORS, CITRIC ACID, ORGANIC STEVIA LEAF EXTRACT.","PURIFIED WATER ORGANIC BLACK TEA, ORGANIC NATURAL FLAVORS, CITRIC ACID, ORGANIC STEVIA LEAF EXTRACT"
"WHITE CORN FLOUR, VEGETABLE OIL (PALM OLEIN), SEA SALT, FD&C YELLOW NO5 (TARTRAZINE), FD&C YELLOW NO 6 AND TBHQ AS ANTIOXIDANT.","WHITE CORN FLOUR, PALM OLEIN, SEA SALT, FD&C YELLOW NO5, FD&C YELLOW NO 6"
"PASTEURIZED WHOLE MILK, CHEESE CULTURE, SALT, ENZYMES, (ANNATTO IF COLORED), RED AND GREEN JALAPENO PEPPERS.","PASTEURIZED WHOLE MILK, CHEESE CULTURE, SALT, ENZYMES, GREEN JALAPENO PEPPERS"
"ANCHO CHILI, SESAME SEEDS, PEANUTS, PUMPKIN SEEDS, SALT, COCOA, TOASTED CORN GARLIC, CINNAMON, SUGAR, CANOLA OIL, AND SPICES. ALL NATURAL","ANCHO CHILI, SESAME SEEDS, PEANUTS, PUMPKIN SEEDS, SALT, COCOA, TOASTED CORN GARLIC, CINNAMON, SUGAR, CANOLA OIL"
"Tomatoes, fully cooked pulled white chicken (boneless, skinless white chicken, water, rice starch, vinegar, seasoning [maltodextrin, yeast extract, chicken stock, salt, flavors]), cooked pinto beans, whole eggs, tomatoes (ground tomatoes, tomato puree, salt), water, tortilla chips (whole grain corn treated with lime, vegetable oil [soybean and/or corn oil with TBHQ and citric acid for freshness], water), queso fresco cheese (pasteurized milk, cheese cultures, salt, enzymes), tomato juice, roasted corn.Contains 2% or less of onions, cilantro, spices, canola oil, salt, cornstarch, sugar, dried garlic, modified corn starch, citric acid (for freshness), xanthan gum, ancho chili, onion puree, cane syrup, garlic, sesame seeds.","Tomatoes, skinless white chicken, water, rice starch, vinegar, maltodextrin, yeast extract, chicken stock, salt, flavors, cooked pinto beans, whole eggs, ground tomatoes, tomato puree, salt, water, whole grain corn treated, lime, corn oil, TBHQ ,citric acid , water, pasteurized milk, cheese cultures, salt, enzymes, tomato juice, roasted corn, onions, cilantro, spices, canola oil, salt, cornstarch, sugar, dried garlic, modified corn starch, citric acid, xanthan gum, ancho chili, onion puree, cane syrup, garlic, sesame seeds"
"PEA PROTEIN CONCENTRATE, ORGANIC CANE SUGAR, MALTODEXTRIN, CONTAINS 2% OR LESS OF BROCCOLI POWDER, KALE POWDER, SPINACH POWDER, GUM ARABIC, RICE PROTEIN CONCENTRATE, STEVIA EXTRACT, SALT, SILICON DIOXIDE, NATURAL FLAVORS, MONK FRUIT EXTRACT, QUINOA POWDER, DRIED BLUEBERRY, CORN STARCH, BACILLUS SUBTILIS DE111 (CONTAINS RICE DEXTRIN), SUNFLOWER LECITHIN.","PEA PROTEIN CONCENTRATE, ORGANIC CANE SUGAR, MALTODEXTRIN,  BROCCOLI POWDER, KALE POWDER, SPINACH POWDER, GUM ARABIC, RICE PROTEIN CONCENTRATE, STEVIA EXTRACT, SALT, SILICON DIOXIDE, NATURAL FLAVORS, MONK FRUIT EXTRACT, QUINOA POWDER, DRIED BLUEBERRY, CORN STARCH, BACILLUS SUBTILIS DE111, RICE DEXTRIN, SUNFLOWER LECITHIN"
"MAYONNAISE (SOYBEAN OR CANOLA OIL, WHOLE EGGS, WATER, WHITE VINEGAR, EGG YOLK, SUGAR, SALT, SPICES, CALCIUM DISODIUM EDTA [TO PROTECT FLAVOR]), SOUR CREAM (WHOLE MILK, CREAM, NON-FAT DRY MILK, STABILIZER [MODIFIED FOOD STARCH, SODIUM PHOSPHATE, GUAR GUM, CARRAGEENAN, SODIUM CITRATE, LOCUST BEAN GUM]), BLUE CHEESE (PASTEURIZED MILK, CHEESE CULTURES, SALT, ENZYMES, NATAMYCIN TO PROTECT FLAVOR), CIDER VINEGAR, SOYBEAN OIL OR CANOLA OIL, PARMESAN CHEESE (PASTEURIZED PART SKIM MILK, CHEESE CULTURES, SALT, ENZYMES, SORBIC ACID TO PROTECT FLAVOR), DEHYDRATED GARLIC, XANTHAN GUM.","CANOLA OIL, WHOLE EGGS, WATER, WHITE VINEGAR, EGG YOLK, SUGAR, SALT, SPICES, CALCIUM DISODIUM EDTA, WHOLE MILK, CREAM, NON-FAT DRY MILK, MODIFIED FOOD STARCH, SODIUM PHOSPHATE, GUAR GUM, CARRAGEENAN, SODIUM CITRATE, LOCUST BEAN GUM, PASTEURIZED MILK, CHEESE CULTURES, SALT, ENZYMES, NATAMYCIN, CIDER VINEGAR, SOYBEAN OIL, CANOLA OIL, PASTEURIZED PART SKIM MILK, CHEESE CULTURES, SALT, ENZYMES, SORBIC ACID, DEHYDRATED GARLIC, XANTHAN GUM"
"DUMPLING: FILLING (DARK MEAT CHICKEN, CABBAGE, SCALLIONS, WATER, CHILI PASTE [RED CHILI PEPPERS, DISTILLED VINEGAR, GARLIC, SALT], SUGAR, LESS THAN 2% OF: GARLIC, GINGER, SOY SAUCE [WATER, WHEAT, SOYBEANS, SALT], RICE VINEGAR, CORN STARCH, DISTILLED VINEGAR, CITRUS FLOUR, SALT, SPICE), WRAPPER (ENRICHED WHEAT FLOUR [WHEAT FLOUR, MALTED BARLEY FLOUR, NIACIN, REDUCED IRON, THIAMINE MONONITRATE, RIBOFLAVIN, FOLIC ACID], WATER, SALT, DRIED EGGS)). SAUCE: SOY SAUCE (WATER, WHEAT, SOYBEANS, SALT, ETHYL ALCOHOL*), WATER, DISTILLED VINEGAR, SUGAR, CHILI PASTE (RED CHILI PEPPERS, DISTILLED VINEGAR, GARLIC, SALT), SESAME SEED OIL, CORN STARCH, SPICE.","DARK MEAT CHICKEN, CABBAGE, SCALLIONS, WATER, RED CHILI PEPPERS, DISTILLED VINEGAR, GARLIC, SALT, SUGAR, GARLIC, WATER, WHEAT, SOYBEANS, SALT, RICE VINEGAR, CORN STARCH, DISTILLED VINEGAR, CITRUS FLOUR, SALT, SPICE, WHEAT FLOUR, MALTED BARLEY FLOUR, NIACIN, REDUCED IRON, THIAMINE MONONITRATE, RIBOFLAVIN, FOLIC ACID, WATER, SALT, DRIED EGGS, WATER, WHEAT, SOYBEANS, SALT, ETHYL ALCOHOL, WATER, DISTILLED VINEGAR, SUGAR, RED CHILI PEPPERS, DISTILLED VINEGAR, GARLIC, SALT, SESAME SEED OIL, CORN STARCH, SPICE"
"APPLE JUICE. SOY SAUCE (WATER, WHEAT, SOYBEANS, SEA SALT), WATER, BALSAMIC VINEGAR, TOMATO PUREE, WORCESTERSHIRE SAUCE (DISTILLED WITHE VINEGAR, MOLASSES, SUGAR, WATER, SALT, ONION, ANCHOVIES, GARLIC, CLOVES, TAMARIND EXTRACT, NATURAL FLAVORINGS, CHILI PEPPER EXTRACT), CONTAINS 2% OR LESS VINEGAR, SALT, MODIFIED CORN STARCH, CHILI POWDER, CHIPOTLE CHILI PEPPERS, SPICE, SUGAR, GARLIC POWDER, XANTHAN GUM.","APPLE JUICE, WATER, WHEAT, SOYBEANS, SEA SALT, WATER, BALSAMIC VINEGAR, TOMATO PUREE, DISTILLED WITHE VINEGAR, MOLASSES, SUGAR, WATER, SALT, ONION, ANCHOVIES, GARLIC, CLOVES, TAMARIND EXTRACT, NATURAL FLAVORINGS, CHILI PEPPER EXTRACT,  VINEGAR, SALT, MODIFIED CORN STARCH, CHILI POWDER, CHIPOTLE CHILI PEPPERS, SPICE, SUGAR, GARLIC POWDER, XANTHAN GUM"
"SPARKLING FILTERED WATER (SUFFICIENT TO RECONSTITUTE), ORGANIC PEAR JUICE CONCENTRATE, ORGANIC NATURAL FLAVOR.","SPARKLING FILTERED WATER, ORGANIC PEAR JUICE CONCENTRATE, ORGANIC NATURAL FLAVOR"
"POTATOES, VEGETABLE OIL (SUNFLOWER, COTTONSEED, SOYBEAN AND/OR CANOLA), SALT, YELLOW CORN FLOUR, DEXTROSE, DISODIUM DIHYDROGEN PYROPHOSPHATE (TO RETAIN NATURAL COLOR), DEHYDRATED ONION, SODIUM SULFATE, NATURAL FLAVORING.","POTATOES, SUNFLOWER, COTTONSEED, SOYBEAN, CANOLA, SALT, YELLOW CORN FLOUR, DEXTROSE, DISODIUM DIHYDROGEN PYROPHOSPHATE, DEHYDRATED ONION, SODIUM SULFATE, NATURAL FLAVORING"
"WHITE CHOCOLATE (SUGAR, COCOA BUTTER, WHOLE MILK POWDER, SOY LECITHIN, NATURAL VANILLA FLAVOR), MILK CHOCOLATE (SUGAR, COCOA BUTTER, MILK, CHOCOLATE LIQUOR, NONFAT MILK, SOY LECITHIN, VANILLIN), NATURAL BANANA FLAVOR, ARTIFICIAL COLOR (FRACTIONATED COCONUT OIL, YELLOW 5 LAKE, YELLOW 6 LAKE, LECITHIN).","SUGAR, COCOA BUTTER, WHOLE MILK POWDER, SOY LECITHIN, NATURAL VANILLA FLAVOR, MILK SUGAR, COCOA BUTTER, MILK, CHOCOLATE LIQUOR, NONFAT MILK, SOY LECITHIN, VANILLIN, NATURAL BANANA FLAVOR, ARTIFICIAL COLOR , FRACTIONATED COCONUT OIL, YELLOW 5 LAKE, YELLOW 6 LAKE, LECITHIN"
"APPLE JUICE, WATER, WHEAT, SOYBEANS, SEA SALT, WATER, BALSAMIC VINEGAR, TOMATO PUREE, DISTILLED WITHE VINEGAR, MOLASSES, SUGAR, WATER, SALT, ONION, ANCHOVIES, GARLIC, CLOVES, TAMARIND EXTRACT, NATURAL FLAVORINGS, CHILI PEPPER EXTRACT, VINEGAR, SALT, MODIFIED CORN STARCH, CHILI POWDER, CHIPOTLE CHILI PEPPERS, SPICE, SUGAR, GARLIC POWDER, XANTHAN GUM","APPLE JUICE, WATER, WHEAT, SOYBEANS, SEA SALT, WATER, BALSAMIC VINEGAR, TOMATO PUREE, DISTILLED WITHE VINEGAR, MOLASSES, SUGAR, WATER, SALT, ONION, ANCHOVIES, GARLIC, CLOVES, TAMARIND EXTRACT, NATURAL FLAVORINGS, CHILI PEPPER EXTRACT, VINEGAR, SALT, MODIFIED CORN STARCH, CHILI POWDER, CHIPOTLE CHILI PEPPERS, SPICE, SUGAR, GARLIC POWDER, XANTHAN GUM"
"INGREDIENTS : enriched WHEAT flour (WHEAT flour, malted BARLEY flour, niacin, iron,thiamin mononitrate, riboflavin, folic acid), BUTTER 25,91%, sugar,palmfat, EGG, invert sugar syrup, salt","WHEAT flour, malted BARLEY flour, niacin, iron,thiamin mononitrate, riboflavin, folic acid, BUTTER, sugar,palmfat, EGG, invert sugar syrup, salt"
"APPLES, PEARS, LEMONS, PUMPKIN, STRAWBERRIES, BLACK CARROT EXTRACT, SPIRULINA","APPLES, PEARS, LEMONS, PUMPKIN, STRAWBERRIES, BLACK CARROT EXTRACT, SPIRULINA"
"GARLIC (GARLIC, WATER, CITRIC ACID), SEA SALT, SPICES INCLUDING BLACK PEPPER AND PAPRIKA, SUN-DRIED TOMATOES, DEHYDRATED ONION, SUGAR, DEHYDRATED GREEN AND RED BELL PEPPERS.","GARLIC, WATER, CITRIC ACID, SEA SALT, BLACK PEPPER, PAPRIKA, SUN-DRIED TOMATOES, DEHYDRATED ONION, SUGAR, DEHYDRATED GREEN, RED BELL PEPPERS"
"SKIM MILK, MILK, SUGAR, CREAM, INULIN EGG YOLKS, NATURAL FLAVORS (WITH VANILLA EXTRACT) VANILLA BEAN SPECS, CAROB BEAN GUM, CULTURES.","SKIM MILK, MILK, SUGAR, CREAM, INULIN EGG YOLKS, NATURAL FLAVORS, VANILLA EXTRACT, VANILLA BEAN SPECS, CAROB BEAN GUM, CULTURES"
"HIGH FRUCTOSE CORN SYRUP, DISTILLED VINEGAR, TOMATO PASTE, CHIPOTLE PEPPER SAUCE (RED JALAPENO PEPPERS, VINEGAR, SUGAR, SALT, ONIONS), MODIFIED FOOD STARCH, CONTAINS LESS THAN 2% OF: HONEY, SALT, WORCESTERSHIRE CONCENTRATE (VINEGAR, MOLASSES, CORN SYRUP, WATER, SALT, CARAMEL COLOR, GARLIC POWDER, SUGAR, SPICES, TAMARIND, NATURAL FLAVOR), PINEAPPLE JUICE CONCENTRATE, SPICE, NATURAL SMOKE FLAVOR, CARAMEL COLOR, SODIUM BENZOATE AS A PRESERVATIVE, RED BELL PEPPER,* NATURAL FLAVOR, GARLIC.*","HIGH FRUCTOSE CORN SYRUP, DISTILLED VINEGAR, TOMATO PASTE, RED JALAPENO PEPPERS, VINEGAR, SUGAR, SALT, ONIONS, MODIFIED FOOD STARCH, HONEY, SALT, VINEGAR, MOLASSES, CORN SYRUP, WATER, SALT, CARAMEL COLOR, GARLIC POWDER, SUGAR, SPICES, TAMARIND, NATURAL FLAVOR, PINEAPPLE JUICE CONCENTRATE, SPICE, NATURAL SMOKE FLAVOR, CARAMEL COLOR, SODIUM BENZOATE AS A PRESERVATIVE, RED BELL PEPPER, NATURAL FLAVOR, GARLIC"
"COOKIES (WHEAT FLOUR, SUGAR, BUTTER [MILK], LIQUID WHOLE EGGS, SHORTENING [PALM OIL, SOYBEAN OIL], BAKING POWDER, ARTIFICIAL FLAVOR, SALT), ICING (ICING SUGAR, GRANULATED SUGAR, WATER, MERINGUE POWDER [SUGAR, CORN SYRUP SOLIDS, DRIED EGG WHITES, GUM ARABIC, CALCIUM LACTATE, LACTIC ACID, SODIUM ALUMINUM SULPHATE, CREAM OF TARTAR, CITRIC ACID, ARTIFICIAL FLAVOR, XANTHAN GUM], COLOR [WATER, SUGAR, FD&C RED #3, FD&C RED #40, FD&C YELLOW #5, FD&C YELLOW #6,FD&C BLUE #1, FD&C BLUE #2, MODIFIED CORN STARCH, LOCUST BEAN GUM, CITRIC ACID, SODIUM BENZOATE AND POTASSIUM SORBATE AS PRESERVATIVES]).","WHEAT FLOUR, SUGAR, BUTTER, LIQUID WHOLE EGGS, PALM OIL, SOYBEAN OIL, BAKING POWDER, ARTIFICIAL FLAVOR, SALT, ICING SUGAR, GRANULATED SUGAR, WATER, SUGAR, CORN SYRUP SOLIDS, DRIED EGG WHITES, GUM ARABIC, CALCIUM LACTATE, LACTIC ACID, SODIUM ALUMINUM SULPHATE, CREAM OF TARTAR, CITRIC ACID, ARTIFICIAL FLAVOR, XANTHAN GUM, WATER, SUGAR, FD&C RED #3, FD&C RED #40, FD&C YELLOW #5, FD&C YELLOW #6,FD&C BLUE #1, FD&C BLUE #2, MODIFIED CORN STARCH, LOCUST BEAN GUM, CITRIC ACID, SODIUM BENZOATE, POTASSIUM SORBATE"
"BEEF, BROWN SUGAR, TERIYAKI SAUCE (SOY SAUCE [WATER, WHEAT, SOYBEANS, SALT], WINE, SUGAR, WATER, VINEGAR, SALT, ONION POWDER, SPICE EXTRACTIVES, SUCCINIC ACID, GARLIC POWDER), WATER, LESS THAN 2% OF: HONEY, VINEGAR, SALT,NATURAL FLAVORS, PINEAPPLE JUICECONCENTRATE, SODIUM NITRITE.","BEEF, BROWN SUGAR, WATER, WHEAT, SOYBEANS, SALT, WINE, SUGAR, WATER, VINEGAR, SALT, ONION POWDER, SPICE EXTRACTIVES, SUCCINIC ACID, GARLIC POWDER, WATER, HONEY, VINEGAR, SALT,NATURAL FLAVORS, PINEAPPLE JUICECONCENTRATE, SODIUM NITRITE"
"PEANUTS, VEGETABLE OIL (MAY CONTAIN ONE OR MORE OF THE FOLLOWING: PEANUT, CANOLA, SUNFLOWER AND/OR SOYBEAN OIL), SALT.","PEANUTS, VEGETABLE OIL,PEANUT, CANOLA,SOYBEAN OIL, SALT"
"GREEN TEA, SPEARMINT, LEMON GRASS, BLACKBERRY LEAF AND ROSEHIPS, NATURAL JASMINE AND NATURAL LEMON FLAVORS.","GREEN TEA, SPEARMINT, LEMON GRASS, BLACKBERRY LEAF, ROSEHIPS, NATURAL JASMINE, NATURAL LEMON FLAVORS"
Amberjack,Amberjack
"Carbonated Water, Natural Flavor, Citric Acid, Green Tea, Sodium Hexametaphosphate (to Protect Flavor), Ascorbic Acid (to Protect Flavor), Phosphoric Acid, Aspartame, Potassium Sorbate (Preserves Freshness), Acesulfame Potassium, Pectin, Calcium Disodium EDTA (to Protect Flavor), Caramel Color, Yellow 5, Blue 1.","Carbonated Water, Natural Flavor, Citric Acid, Green Tea, Sodium Hexametaphosphate, Ascorbic Acid , Phosphoric Acid, Aspartame, Potassium Sorbate, Acesulfame Potassium, Pectin, Calcium Disodium EDTA, Caramel Color, Yellow 5, Blue 1"
"FIG SPREAD. INGREDIENTS: INGREDIENTS: BLACK BIG FROM SPAIN 61%, SUGAR, MACADAMIA NUT FROM AUSTRALIA 7% LEMON JUICE AND ALLSPICE 0,5%.","BLACK BIG FROM SPAIN, SUGAR, MACADAMIA NUT, LEMON JUICE, ALLSPICE"
"ORGANIC SUNFLOWER SEED BUTTER, ORGANIC BROWN RICE PROTEIN, ORGANIC CRISPY BROWN RICE, ORGANIC RICE BRAN, ORGANIC BLUE AMBER AGAVE, ORGANIC PEA FIBER, ORGANIC CARMEL CONCENTRATE, ORGANIC CINNAMON CONCENTRATE, MONK FRUIT EXTRACT.","ORGANIC SUNFLOWER SEED BUTTER, ORGANIC BROWN RICE PROTEIN, ORGANIC CRISPY BROWN RICE, ORGANIC RICE BRAN, ORGANIC BLUE AMBER AGAVE, ORGANIC PEA FIBER, ORGANIC CARMEL CONCENTRATE, ORGANIC CINNAMON CONCENTRATE, MONK FRUIT EXTRACT"
"ORGANIC STRAWBERRIES, ORGANIC MANGO AND ORGANIC PINEAPPLE.","ORGANIC STRAWBERRIES, ORGANIC MANGO, ORGANIC PINEAPPLE"
"SUNFLOWER SEEDS, GLUTEN FREE OATS*, FLAX SEEDS, SESAME SEEDS, CORN FLOUR, CANOLA OIL, DRIED ONION, DRIED GARLIC, SALT, POTATO FIBER, WATER.","SUNFLOWER SEEDS, GLUTEN FREE OATS, FLAX SEEDS, SESAME SEEDS, CORN FLOUR, CANOLA OIL, DRIED ONION, DRIED GARLIC, SALT, POTATO FIBER, WATER"
"MALTODEXTRIN, XANTHAN GUM, POTASSIUM CHLORIDE.","MALTODEXTRIN, XANTHAN GUM, POTASSIUM CHLORIDE"
"MILK CHOCOLATE (SUGAR, WHOLE MILK, COCOA BUTTER, CHOCOLATE LIQUOR, SOY LECITHIN, NATURAL FLAVOR), BUTTER TOFFEE ALMONDS (SUGAR, ALMONDS, CONTAINS LESS THAN 2% OF THE FOLLOWING: BUTTER [CREAM [MILK], SALT], SALT, SOY LECITHIN), SUGAR, CORN STARCH.","SUGAR, WHOLE MILK, COCOA BUTTER, CHOCOLATE LIQUOR, SOY LECITHIN, NATURAL FLAVOR, SUGAR, ALMONDS, BUTTER, SALT, SOY LECITHIN, SUGAR, CORN STARCH"
"COOKED ENRICHED MACARONI PRODUCT (WATER, DURUM SEMOLINA [ENRICHED WITH NIACIN, FERROUS SULFATE, THIAMINE MONONITRATE, RIBOFLAVIN, FOLIC ACID]), WATER, HALF & HALF (MILK, CREAM), COOKED WHITE CHICKEN (CHICKEN BREAST WITH RIB MEAT, WATER, SOY PROTEIN ISOLATE, 2% OR LESS OF SALT, SODIUM PHOSPHATE, MODIFIED FOOD STARCH, MALTODEXTRIN AND NATURAL FLAVOR), LESS THAN 2% OF SPINACH, GRATED CHEESE BLEND (PARMESAN AND ASIAGO CHEESES [CULTURED MILK, SALT, ENZYMES], NATURAL FLAVOR, CELLULOSE, SALT), MODIFIED FOOD STARCH, CHICKEN BASE (CHICKEN MEAT AND CONCENTRATED CHICKEN STOCK, SALT, SUGAR, DRIED WHEY, RENDERED CHICKEN FAT, CORN SYRUP SOLIDS, YEAST EXTRACT, NATURAL FLAVOR, CITRIC ACID, EXTRACTIVES OF TURMERIC), ROAST CHICKEN FLAVOR (NATURAL FLAVOR [CONTAINS WHEAT, SOYBEANS AND MILK], AUTOLYZED YEAST EXTRACT, YEAST EXTRACT, SALT, CHICKEN POWDER, CHICKEN BROTH POWDER, CHICKEN FAT, GUM ARABIC, ONION POWDER), CANOLA OIL, SALT, CHEESE FLAVOR (PARMESAN CHEESE [PASTEURIZED MILK, CULTURES, SALT, ENZYMES), WATER, SALT, DISODIUM PHOSPHATE, SODIUM CITRATE), XANTHAN GUM, SPICES, GRANULATED GARLIC.","WATER, ENRICHED WITH NIACIN, FERROUS SULFATE, THIAMINE MONONITRATE, RIBOFLAVIN, FOLIC ACID, WATER,MILK,CREAM, CHICKEN BREAST WITH RIB MEAT, WATER, SOY PROTEIN ISOLATE, SALT, SODIUM PHOSPHATE, MODIFIED FOOD STARCH, MALTODEXTRIN, NATURAL FLAVOR, SPINACH, PARMESAN, CULTURED MILK, SALT, ENZYMES, NATURAL FLAVOR, CELLULOSE, SALT, MODIFIED FOOD STARCH, CHICKEN MEAT, CONCENTRATED CHICKEN STOCK, SALT, SUGAR, DRIED WHEY, RENDERED CHICKEN FAT, CORN SYRUP SOLIDS, YEAST EXTRACT, NATURAL FLAVOR, CITRIC ACID, TURMERIC, WHEAT, SOYBEANS, MILK, AUTOLYZED YEAST EXTRACT, YEAST EXTRACT, SALT, CHICKEN POWDER, CHICKEN BROTH POWDER, CHICKEN FAT, GUM ARABIC, ONION POWDER, CANOLA OIL, SALT, PASTEURIZED MILK, CULTURES, SALT, ENZYMES, WATER, SALT, DISODIUM PHOSPHATE, SODIUM CITRATE, XANTHAN GUM, SPICES, GRANULATED GARLIC"
"FILTERED WATER, ORGANIC COCONUT MILK (ORGANIC COCONUT, WATER), ORGANIC SWEET POTATOES, ORGANIC CARROTS, ORGANIC TOFU (FILTERED WATER, ORGANIC SOYBEANS, MAGNESIUM CHLORIDE), ORGANIC GREEN BEANS, ORGANIC SAUTED ONIONS (ORGANIC ONIONS, ORGANIC SUNFLOWER OIL), ORGANIC SHIITAKE MUSHROOMS, ORGANIC TAMARI (WATER, ORGANIC SOYBEANS, ORGANIC ALCOHOL [TO PRESERVE FRESHNESS], SALT), SPICES, SEA SALT, GALANGAL, ORGANIC CANE SUGAR, LIME LEAF, ORGANIC CORNSTARCH, LEMONGRASS TEA (FILTERED WATER, LEMONGRASS), ORGANIC GARLIC, SHALLOTS, ORGANIC HIGH OLEIC SAFFLOWER AND/OR SUNFLOWER OIL, BLACK PEPPER, ORANGE PEEL.",
"*GARLIC, SALT, SPICES (ROSEMARY, OREGANO, THYME, BLACK PEPPER, PARSLEY), CANOLA OIL (ANTICAKING).",
"MILKFAT AND NONFAT MILK, SUGAR, CORN SYRUP, SWEETCREAM BUTTERMILK, CONTAINS LESS THAN 2% OF COCOA PROCESSED WITH ALKALI, WHEY, MONO AND DIGLYCERIDES, GUAR GUM, CELLULOSE GUM, CARRAGEENAN, VITAMIN A PALMITATE, ARTIFICIAL FLAVOR, ANNATTO (COLOR).",
"APPLES, ORGANIC CANE SUGAR, ORGANIC FLAVORS, SEA SALT",
"ORGANIC GLUTEN FREE ROLLED OATS, ORGANIC AGAVE SYRUP, ORGANIC PRUNE PASTE, ORGANIC AGAVE INULIN, ORGANIC MILLED FLAX SEED, ORGANIC RAISINS (ORGANIC RAISINS, ORGANIC SUNFLOWER OIL), ORGANIC WHOLE GRAIN CRISPY RICE (ORGANIC WHOLE GRAIN BROWN RICE FLOUR, CALCIUM CARBONATE), ORGANIC CARROT POWDER, VITAMIN AND MINERAL BLEND (CALCIUM CARBONATE, CHOLINE BITARTRATE), ORGANIC VEGETABLE GLYCERIN, ORGANIC VANILLA EXTRACT, BAKING POWDER (ORGANIC GRAPE JUICE CONCENTRATE EXTRACTS, ORGANIC CORN STARCH, SODIUM BICARBONATE (FOR LEAVENING)), DHA ALGAL OIL, ORGANIC GROUND CINNAMON, MIXED TOCOPHEROLS (TO PRESERVE FRESHNESS).",
"A BLEND OF SALT, GARLIC AND CALCIUM STEARATE ADDED TO PREVENT CAKING.",
"CORN SYRUP, SUGAR APPLE JUICE CONCENTRATE, MODIFIED CORN STARCH, GELATIN (PORK), SORBITOL, CITRIC ACID, NATURAL FLAVORS, SODIUM CITRATE, SODIUM ASCORBATE (VITAMIN C), COLORS (BLACK CARROT JUICE AND BETA-CAROTENE), ASCORBIC ACID (VITAMIN C), WHITE MINERAL OIL, CARNAUBA WAX.",
"SUGAR, COCOA BUTTER, WHOLE MILK, CHOCOLATE LIQUOR, SOY LECITHIN (ADDED AS AN EMULSIFIER), VANILLA.",
"GREEN BEANS, NON-HYDROGENATED CANOLA OIL, DEXTRIN, SALT.",
APPLE PUREE AND LEMON JUICE CONCENTRATE.,
"ENRICHED WHEAT FLOUR (BLEACHED WHEAT FLOUR, NIACIN, REDUCED IRON, THIAMINE MONONITRATE, RIBOFLAVIN, ENZYME, FOLIC ACID), WATER, DOUGH CONDITIONER, SALT, YEAST, VEGETABLE SHORTENING.",
"CULTURED PASTEURIZED MILK AND CREAM, SALT, DRIED ONION, DRIED GARLIC, DRIED CHIVES, MICROBIAL ENZYMES, ANNATTO (COLOR)",
"WHEAT FLOUR*, CANE SUGAR*, INVERT CANE SYRUP*, PALM OIL*, WHOLE WHEAT FLOUR*, APPLES*, BLUEBERRIES*, CORN STARCH*, RICE STARCH*, DEXTROSE*, LEAVENING (BAKING SODA, CREAM OF TARTAR), VITAL WHEAT GLUTEN*, SEA SALT, TAPIOCA STARCH*, BLUEBERRY FLAVOR*, HONEY*, MOLASSES*, CITRIC ACID, WHEY PROTEIN CONCENTRATE* (MILK), ALGIN, SODIUM CITRATE, MONOCALCIUM PHOSPHATE.",
"SPICES (INCLUDING CHILI PEPPER, PAPRIKA, CUMIN, OREGANO), ONION, WHEY (MILK), DEXTROSE, SALT, POTATO STARCH, GARLIC, AND NATURAL FLAVOR.",
"HASS AVOCADO, SALT, SUGAR, *ONION, *RED BELL PEPPER, *GARLIC, ASCORBIC ACID (ADDED TO MAINTAIN FRESHNESS), XANTHAN GUM, CITRIC ACID (ADDED TO MAINTAIN FRESHNESS), *JALAPENO PEPPER, *CILANTRO.",
"SUGAR, GLUCOSE SYRUP, WATER, ARTIFICIAL FLAVOR, CITRIC ACID, ARTIFICIAL COLOUR (RED 40), TITANIUM DIOXIDE.",
"PARMESAN CHEESE (CULTURED PASTEURIZED MILK, SALT, ENZYMES), ROMANO CHEESE (CULTURED PASTEURIZED MILK, SALT, ENZYMES), ANTICAKE (POTATO STARCH, CORN STARCH, POWDERED CELLULOSE), NATAMYCIN (A NATURAL MOLD INHIBITOR).",
"CORN SYRUP, SUGAR, TITANIUM DIOXIDE (COLOR), SPEARMINT OIL*, YELLOW 5, BLUE 1.",
"WHITE CHOCOLATE (SUGAR, COCOA BUTTER, SKIM MILK, MILKFAT, SOY LECITHIN, SALT, NATURAL FLAVOR), MILK CHOCOLATE (SUGAR, CHOCOLATE, SKIM MILK, COCOA BUTTER, LACTOSE, MILKFAT, SOY LECITHIN, SALT, ARTIFICIAL AND NATURAL FLAVORS), SUGAR, CORNSTARCH, LESS THAN 1% - CORN SYRUP, DEXTRIN, COLORING (INCLUDES RED 40, YELLOW 5, YELLOW 6, BLUE 1, BLUE 2, RED 40 LAKE, YELLOW 6 LAKE), CARNAUBA WAX, ARTIFICIAL AND NATURAL FLAVORS, GUM ACACIA.",
"AVOCADO, WHEAT FLOUR, WATER, SOYBEAN OIL, ENRICHED WHEAT FLOUR (WHEAT FLOUR, NIACIN, REDUCED IRON, THIAMINE MONONITRATE, RIBOFLAVIN, FOLIC ACID), CORNSTARCH, POTATO STICKS (POTATO, COTTONSEED OIL AND/OR PALM OIL, SALT), CONTAINS LESS THAN 2% OF THE FOLLOWING: ANCHO CHILI POWDER, ASCORBIC ACID, CITRIC ACID AND/OR SODIUM ACID SULFATE, DRIED GARLIC, DRIED ONION, GUAR GUM, LEAVENING (SODIUM ACID PYROPHOSPHATE, BAKING SODA), NATURAL FLAVOR, PAPRIKA (COLOR), SALT, SPICE EXTRACTIVES, SPICES, SUGAR, TURMERIC (COLOR) YEAST EXTRACT, YEAST. CONTAINS: WHEAT. SAUCE: WATER, SOYBEAN OIL, BUTTERMILK (MILK, CULTURE, MILK POWDER), GREEN JALAPENO PUREE (JALAPENOS, CITRIC ACID, SODIUM BENZOATE), CORN SYRUP, WHEY PROTEIN CONCENTRATE, CONTAINS LESS THAN 2% OF THE FOLLOWING: ARABIC GUM, CILANTRO, DEHYDRATED GARLIC, DEHYDRATED JALAPENO, DEHYDRATED ONION, DEHYDRATED PARSLEY, DISTILLED VINEGAR, EGG YOLK POWDER, JALAPENO PEPPER, MODIFIED CORN STARCH, SALT, SPICES, XANTHAN GUM.",
"COLBY CHEESE (CULTURED PASTEURIZED MILK, SALT, ENZYMES, ANNATTO COLOR), MONTEREY JACK CHEEESE (CULTURED PASTEURIZED MILK, SALT, ENZYMES), ANTICAKE (POTATO STARCH, CORN STARCH, POWDERED CELLULOSE), NATAMYCIN (A NATURAL MOLD INHIBITOR).",
"WATER, ENRICHED BLEACHED FLOUR (WHEAT FLOUR, NIACIN, REDUCED IRON, THIAMIN MONONITRATE [VITAMIN B1], RIBOFLAVIN [VITAMIN B2], FOLIC ACID), DEXTROSE, SUGAR, HIGH FRUCTOSE CORN SYRUP, PALM AND SOYBEAN OILS WITH TBHQ AND CITRIC ACID TO PROTECT FLAVOR, PALM OIL, COCOA PROCESSED WITH ALKALI, CORN SYRUP. CONTAINS 2% OR LESS OF EACH OF THE FOLLOWING: SOY FLOUR, SOY LECITHIN, DRIED EGGS, WHEY (MILK), BAKING SODA, MONO- AND DIGLYCERIDES, MALTODEXTRIN, SALT, MODIFIED CORN STARCH, DRIED EGG WHITES, CORN SYRUP SOLIDS, NATURAL AND ARTIFICIAL FLAVORS, PRESERVATIVES (POTASSIUM SORBATE, SORBIC ACID), BUTTERMILK, CALCIUM CASEINATE, SODIUM CASEINATE, POLYSORBATE 60.",
"CRUST (ENRICHED WHEAT FLOUR [WHEAT FLOUR, NIACIN, FERROUS SULFATE, THIAMIN MONONITRATE, RIBOFLAVIN, FOLIC ACID, ENZYME], WATER, SOYBEAN OIL, CONTAINS 2% OR LESS OF: YEAST, SUGAR, VINEGAR, SALT, CULTURED WHEY, WHEY, DOUGH CONDITIONER [WHEAT FLOUR, ASCORBIC ACID, ENZYMES], SODIUM BICARBONATE, SOY LECITHIN [PROCESSING AID]), CHEESES (LOW MOISTURE PART SKIM MOZZARELLA CHEESE [PASTEURIZED PART SKIM MILK, CHEESE CULTURES, SALT, ENZYMES], LOW SODIUM LOW MOISTURE PART SKIM MOZZARELLA CHEESE [PASTEURIZED PART SKIM MILK, SKIM MILK, SALT, CHEESE CULTURES, ENZYMES]), SAUCE (WATER, TOMATOES, SPICE [SALT, SPICES, DEHYDRATED GARLIC, CITRIC ACID], OLIVE OIL, GARLIC).",
"INGREDIENTS: TOASTED RICE CEREAL (RICE, SUGAR, SALT, MALT FLAVOR, NIACINAMIDE, REDUCED IRON, VITAMIN B2 [RIBOFLAVIN], FOLIC ACID), CORN SYRUP, FRUCTOSE, SUGAR, VEGETABLE OIL (SOYBEAN, PALM AND PALM KERNEL OIL WITH TBHQ FOR FRESHNESS), DRIED PUMPKIN, CORN SYRUP SOLIDS. CONTAINS 2% OR LESS OF VEGETABLE GLYCERIN, DEXTROSE, GELATIN, NONFAT MILK, MILK, NATURAL AND ARTIFICIAL FLAVORS, SALT, DATEM, CINNAMON, ACETYLATED MONOGLYCERIDES, GINGER, SOY LECITHIN, NUTMEG, ALLSPICE, BHT FOR FRESHNESS.",
"COCONUT WATER, SUGAR, MILK POWDER, COCOA POWDER",
"ENRICHED CORN MEAL (CORN MEAL, FERROUS SULFATE, NIACIN, THIAMIN MONONITRATE, RIBOFLAVIN, FOLIC ACID), VEGETABLE OIL (CORN, CANOLA AND/OR SUNFLOWER OIL), CARAMEL SEASONING (SUGAR, SKIM MILK, BROWN SUGAR, SALT, BUTTER [CREAM, SALT], GUM ARABIC, MALTODEXTRIN [MADE FROM CORN], LACTOSE, SUNFLOWER OIL, NATURAL FLAVOR, ARTIFICIAL COLOR [YELLOW 6 LAKE, YELLOW 5 LAKE, BLUE 2 LAKE], AND BUTTERMILK).",
"MILK, CANE SUGAR, CREAM, COCONUT OIL, CHICORY ROOT EXTRACT, DEXTROSE, COCOA (ALKALIZED), MINT, NATURAL FLAVOR, CAROB GUM, SUNFLOWER LECITHIN, CITRIC ACID, SOY LECITHIN.",
"PEANUTS, CORN SYRUP, YOGURT FLAVORED COATING (SUGAR, PALM KERNEL OIL, YOGURT POWDER [CULTURED WHEY PROTEIN CONCENTRATE, CULTURED SKIM MILK], NONFAT DRY MILK SOLIDS, SOY LECITHIN, NATURAL FLAVOR), WHOLE ROLLED OATS, RICE FLOUR, WHEAT FLAKES (WHEAT, SALT, MALT EXTRACT), CANOLA OIL (CANOLA OIL, ASCORBIC ACID - A PRESERVATIVE, ROSEMARY EXTRACT), GLYCERIN, PEANUT BUTTER, WHEAT FLAKES, SUGAR, HONEY, FRUCTOSE, SALT, NATURAL FLAVOR (CONTAINS PEANUTS), MOLASSES, CALCIUM CARBONATE, SEA SALT, DRIED MALT EXTRACT (CORN SYRUP SOLIDS, BARLEY MALT EXTRACT), COLOR (CARAMEL ANNATTO EXTRACT), ALMOND BUTTER, CASHEW BUTTER (CASHEWS, SUNFLOWER OIL), SOY LECITHIN.",
"WHEAT FLOUR, SUNFLOWER OIL, WHOLE WHEAT FLOUR, CANE SUGAR, SALT, OAT FIBER, SEA SALT, YEAST, NATURAL FLAVORS (CANOLA OIL, ROSEMARY EXTRACT, ASCORBIC ACID).",
"SCALLOPS, WATER, SODIUM TRIPOLYPHOSPHATE.",
"CREPE: UNBLEACHED WHEAT FLOUR, SUGAR*, CAGE-FREE EGGS, DEXTROSE*, CONCENTRATED BUTTER, NONFAT MILK POWDER, SALT, WHEAT GLUTEN. STRAWBERRY FILLING*: SUGAR, STRAWBERRY PUREE, GLUCOSE SYRUP (FROM WHEAT), GLYCERIN, PECTIN, NATURAL FLAVOR, CITRIC ACID, SODIUM CITRATE, SALT.",
"WATER, CORN SYRUP, SALT, HYDROLYZED SOY PROTEIN, CARAMEL COLOR, CITRIC ACID, POTASSIUM SORBATE (PRESERVATIVE).",
LETTUCE.,
"ENRICHED BLEACHED WHEAT FLOUR (WHEAT, FLOUR, NIACIN, REDUCED IRON, THIAMIN MONONITRATE, RIBOFLAVIN, FOLIC ACID), AMYLASE ENZYME.",
"NONFAT GREEK YOGURT (GRADE A PASTEURIZED SKIM MILK, LIVE AND ACTIVE CULTURES), DICED APPLES, WATER, WHOLE GRAIN OATS, CANE SUGAR, APPLE JUICE CONCENTRATE, CULTURED GRADE A SKIM MILK, CINNAMON, LEMON JUICE CONCENTRATE, GELLAN GUM.",
"ORGANIC ALLULOSE, ORGANIC MAPLE FLAVOR, ORGANIC CARAMEL COLOR",
"POPPING CANDY: SUGAR, GLUCOSE SYRUP, LACTOSE, CARBON DIXOIDE. FAIRYTALE FRUIT LOLLIPOP: ORGANIC PREBIOTIC TAPIOCA FIBER, ORGANIC SUGAR, ORGANIC RICE SYRUP, CITRIC ACID, NATURAL FLAVORS, COLORED WITH: ORGANIC CARROT CONCENTRATE, ORGANIC APPLE CONCENTRATE, ORGANIC BLACK CURRANT CONCENTRATE, TURMERIC.",
"SUGAR, CORN SYRUP, MODIFIED CORN STARCH, CITRIC ACID, NATURAL & ARTIFICIAL FLAVORS, CAMAUBA WAX, SODIUM CITRATE, RED 40.",
"CORN SYRUP (FROM CORN), SUGAR (FROM BEETS), WATER, GELATIN, CITRIC ACID, NATURAL AND ARTIFICIAL FLAVORS, FUMARIC ACID, PECTIN (DERIVED FROM FRUIT), FD&C RED #40, FD&C YELLOW #5, FD&C YELLOW #6, FD&C BLUE #1.",
"ORGANIC WHOLE WHEAT FLOUR, WATER, ORGANIC CINNAMON BITS (ORGANIC SUGAR, ORGANIC WHEAT FLOUR, ORGANIC CINNAMON, ORGANIC SUNFLOWER OIL), ORGANIC PUMPKIN PUREE, ORGANIC WHEAT FLOUR, ORGANIC HONEY, ORGANIC SUGAR, ORGANIC WHEAT GLUTEN, ORGANIC PUMPKIN SEEDS, ORGANIC SUNFLOWER SEEDS, YEAST, CONTAINS LESS THAN 2% OF EACH OF THE FOLLOWING: ORGANIC FLAXSEEDS, ORGANIC SESAME SEEDS, ORGANIC ROLLED OATS, SEA SALT, ORGANIC HIGH OLEIC SAFFLOWER OIL, ORGANIC CINNAMON, ORGANIC ALL SPICE, ORGANIC CLOVES, ORGANIC NUTMEG, CALCIUM SULFATE, SEA SALT, ASCORBIC ACID (DOUGH CONDITIONER), ENZYMES.",
"FILTERED WATER, CULTURED GRADE A PASTEURIZED NONFAT MILK (MILK), HIGH FRUCTOSE CORN SYRUP, DEXTROSE, ARTIFICIAL FLAVOR, CITRIC ACID, SUGAR, POTASSIUM SORBATE (TO MAINTAIN FRESHNESS), NATURAL COLORS (ANNATTO & BEEF EXTRACT) ASPARTAME*, SALT,, VITAMIN A PALMITATE, VITAMIN D3. CONTAINS VIABLE LACTOBACILLUS BULGARICUS, STREPTOCOCCUS THERMOPHILUS, LACTOBACILLUS ACIDOPHILLUS, LACTOBACILLUS CASEI AND BIFIDUS YOGURT CULTURES.",
"INGREDIENTS: PASTEURIZED GRADE A CREAM AND MILK, GUAR GUM, CARRAGEENAN, AND POTASSIUM SORBATE (TO MAINTAIN FRESHNESS).",
"KIMCHI FRIED RICE (BROWN RICE (WATER, BROWN RICE,SALT), VEGAN KIMCHI (NAPA CABBAGE, RADISH, WATER, GARLIC, ORGANIC CANE SUGAR, RED PEPPER, SEA SALT, GINGER, ONION,) TOFU (WATER, NON GMO SOYBEANS, CALCIUM, SULFATE, GLUCONO DELTA LACTONE) BROCCOLI, CARROT, CORN, EDAMAME, SCALLIONS, SESAME OIL, COCONUT AMINO, OLIVE OIL 80/20, GARLIC POWDER, WHITE PEPPER, NUTRITIONAL YEAST (DRY YEAST, NIACIN, PYRIDOXINE HYDROCHLORIDE, THIAMIN HYDROCHLORIDE, RIBOFLAVIN, FOLIC ACID, VITAMIN B12), TURMERIC, KOSHER SALT) ROAST PORK (GOCHUJANG PASTE (WATER, TAPIOCA SYRUP, BROWN RICE, RED PEPPER POWDER, SALT, GARLIC, ONION), MAPLE SYRUP) BROCCOLI (BROCCOLI FLORETS, SESAME OIL, SESAME SEED, KOSHER SALT)",
"PARMESAN CHEESE (CULTURED PASTEURIZED PART-SKIM MILK, SALT, ENZYMES [MICROBIAL]), ANTI-CAKING BLEND (POTATO STARCH, TAPIOCA STARCH, NATAMYCIN [A NATURAL MOLD INHIBITOR]).",
"CULTURED PASTEURIZED MILK, SALT, VEGETABLE ENZYMES, ANNATTO (FOR COLOR).",
"CHICKPEAS, ROASTED RED PEPPERS, SESAME TAHINI, CANOLA/OLIVE OIL BLEND, SALT, CITRIC ACID, NATURAL FLAVOR, GARLIC, SPICES, ACACIA GUM, XANTHAN GUM, GUAR GUM, POTASSIUM SORBATE AND SODIUM BENZOATE (TO MAINTAIN FRESHNESS).",
"ENRICHED FLOUR (WHEAT FLOUR, MALTED BARLEY FLOUR, REDUCED IRON, NIACIN, THIAMIN MONONITRATE [VITAMIN B1], RIBOFLAVIN [VITAMIN B2], FOLIC ACID), WATER HIGH FRUCTOSE, CORN SYRUP POTATO FLOUR, YEAST, SOYBEAN OIL, WHEAT GLUTEN, SALT, CALCIUM PROPIONATE (PRESERVATIVE), MONOGLYCERIDES, DATEM, CORN FLOUR, CALCIUM SULFATE, MONOCALCIUM PHOSPHATE, CORNSTARCH, SPICE & COLORING, CITRIC ACID, SOY LECITHIN.",
"WATER, EXPELLER-PRESSED SOYBEAN OIL*, EXPELLER-PRESSED CANOLA OIL*, WHITE DISTILLED VINEGAR*, ASIAGO CHEESE* (MILK*, CHEESE CULTURES, SEA SALT, ENZYMES), APPLE CIDER VINEGAR*, SEA SALT, PARSLEY*, BASIL*, WHOLE EGG*, CANE SUGAR*, MUSTARD SEED*, XANTHAN GUM, CELLULOSE POWDER (TO PREVENT CLUMPING), BLACK PEPPER*.  * ORGANIC",
"ANCIENT GRAIN BLEND (CERTIFIED GLUTEN-FREE OATS, QUINOA FLOUR, PUFFED AMARANTH), BROWN RICE SYRUP, COCONUT, AVOCADO OIL, COCONUT OIL, MOLASSES, LIME POWDER (CORN SYRUP SOLIDS, LIME JUICE CONCENTRATE) CHIA SEEDS, PINK HIMALAYAN SALT, VITAMIN E (TO MAINTAIN",
"WATER, NONFAT MILK, SOY PROTEIN ISOLATE, SUGAR, CONTAINS 2% OR LESS OF CANOLA OIL, POLYDEXTROSE, COCOA PROCESSED WITH ALKALI, NATURAL AND ARTIFICIAL FLAVORS, GELLAN GUM, CARAMEL COLOR, CELLULOSE GUM, POTASSIUM CITRATE, DIPOTASSIUM PHOSPHATE, SUCRALOSE, ACESULFAME POTASSIUM. VITAMINS AND MINERALS: MAGNESIUM PHOSPHATE, TRICALCIUM PHOSPHATE, VITAMIN C (SODIUM ASCORBATE), VITAMIN E ACETATE, VITAMIN A PALMITATE, NIACINAMIDE, IRON (FERRIC PYROPHOSPHATE), CALCIUM PANTOTHENATE, ZINC SULFATE, VITAMIN D3, MANGANESE SULFATE, VITAMIN K1, VITAMIN B1 (THIAMIN HYDROCHLORIDE), VITAMIN B6 PYRIDOXINE HYDROCHLORIDE), VITAMIN B2 (RIBOFLAVIN), POTASSIUM IODIDE, CHROMIUM CHLORIDE, SODIUM SELENITE, FOLIC ACID, SODIUM MOLYBDATE, BIOTIN, VITAMIN B12.",
"ELBOW MACARONI (WATER, ENRICHED UNBLEACHED DURUM WHEAT SEMOLINA [DURUM WHEAT SEMOLINA, NIACIN, FERROUS SULFATE, THIAMINE MONONITRATE, RIBOFLAVIN, FOLIC ACID]), CHEESE SAUCE (WHOLE MILK [MILK, VITAMIN D3], CHEDDAR CHEESE SPREAD [CHEDDAR CHEESE, PASTEURIZED MILK, CHEESE CULTURE, SALT, MICROBIAL ENZYMES), WATER, WHEY PROTEIN CONCENTRATE, MILK FAT, NONFAT MILK, SODIUM CITRATE, LACTIC ACID, SEA SALT, RICE STARCH, NATURAL FLAVOR, ANNATTO [COLOR], GROUND WHITE PEPPER), CHEDDAR CHEESE (PASTEURIZED MILK, CHEESE CULTURE, SALT, ANNATTO [COLOR], MICROBIAL ENZYMES).",
"INGREDIENTS: CHICKEN STOCK, DARK MEAT CHICKEN, ANDOUILLE SAUSAGE (PORK, WATER, SEASONINGS [SPICES, DEXTROSE, ONION POWDER, GARLIC POWDER], SALT, HICKORY CHAR OIL [SOYBEAN OIL, NATURAL HICKORY SMOKE FLAVOR], SODIUM NITRITE), CELERY, OKRA, GREEN PEPPERS, RICE, ONIONS, WATER, CONTAINS LESS THAN 2% OF: MODIFIED FOOD STARCH, SALT, NATURAL FLAVORING, CARROTS, SUGAR, DEHYDRATED ROASTED GARLIC, SOY PROTEIN ISOLATE, SODIUM PHOSPHATE, DEHYDRATED CHICKEN BROTH, POTATO FLOUR, WHEAT FLOUR, ONION POWDER, YEAST EXTRACT, SPICES, CHICKEN FAT, SOY LECITHIN, NONFAT DRY MILK, DEHYDRATED CHICKEN, CARROT POWDER.",
"CRUST: (WHEAT FLOUR, WATER, CORN OIL, YEAST, SALT), SAUCE: (TOMATOES, SALT, WATER, SPICES (OREGANO, SALT, BLACK PEPPER)), RBST FREE WHOLE MILK MOZZARELLA*: (PASTEURIZED MILK, CHEESE CULTURES, SALT, ENZYMES) *OUR CHEESE IS MADE FROM MILK THAT IS RBST FREE. NO SIGNIFICANT DIFFERENCE HAS BEEN SHOWN BETWEEN MILK DERIVED FROM RBST TREATED AND NON-RBST TREATED COWS, SAUSAGE: (PORK, SALT, SPICES, FLAVORINGS), ALL NATURAL* UNCURED PEPPERONI: (NO NITRITES OR NITRATES ADDED* EXCEPT FOR NATURALLY OCCURRING IN CELERY JUICE AND CHERRY POWDER, PORK, SALT, CONTAINS 2% OR LESS OF TURBINADO SUGAR, SPICES, FLAVORING, CELERY JUICE POWDER, CHERRY POWDER, LACTIC ACID STARTER CULTURE, OLEORESIN OF PAPRIKA, LIME JUICE CONCENTRATE)",
"OLIVES, WATER, MINCED PIMENTO PASTE (PIMIENTO, SODIUM ALGINATE, GUAR GUM AND CALCIUM CHLORIDE), SALT, LACTIC ACID, CITRIC ACID, ASCORBIC ACID AND POTASSIUM SORBATE (PRESERVATIVE)",
"PRE-BAKED COOKIES (WHEAT FLOUR ENRICHED [WHEAT FLOUR, MALTED BARLEY FLOUR, NIACIN, REDUCED IRON, THIAMIN MONONITRATE, RIBOFLAVIN, FOLIC ACID], SUGAR, SHORTENING [PALM OIL, MONO- AND DIGLYCERIDES, POLYSORBATE 60], WATER, CORN SYRUP, BAKING SODA, SALT, RED 3, BLUE 1, YELLOW 6), READY-TO-USE ICING (POWDERED SUGAR [SUGAR, CORN STARCH], WATER, SUGAR, CORN SYRUP, SALT, STEARIC ACID, AGAR, RED 40, BLUE 1, POTASSIUM SORBATE [PRESERVATIVE], SODIUM BENZOATE [PRESERVATIVE], ARTIFICIAL FLAVOR), ICING TUBES (SUGAR, SHORTENING [PALM OIL, CANOLA OIL, MONO- AND DIGLYCERIDES, POLYSORBATE 60], WATER, CORN SYRUP, MODIFIED CORN STARCH, SALT, TITANIUM DIOXIDE,[COLOR], POTASSIUM SORBATE [PRESERVATIVE], PROPYLENE GLYCOL, ARTIFICIAL FLAVOR, YELLOW 6, CITRIC ACID, BLUE 1, YELLOW 5, SODIUM BENZOATE [PRESERVATIVE]), CANDY BATS (DEXTROSE, CORN SYRUP, CITRIC ACID, CALCIUM STEARATE, TAPIOCA DEXTRIN, CONFECTIONER'S GLAZE, CARNAUBA WAX, ARTIFICIAL FLAVORS, TITANIUM DIOXIDE [COLOR], RED 40, YELLOW 6, RED 40 LAKE, YELLOW 5 LAKE, BLUE 1, BLUE 1 LAKE), CANDY BEADS (DEXTROSE, CORN SYRUP, CITRIC ACID, CALCIUM STEARATE, TAPIOCA DEXTRIN, CONFECTIONER'S GLAZE, CARNAUBA WAX, ARTIFICIAL FLAVORS, TITANIUM DIOXIDE [COLOR], RED 40, YELLOW 5, BLUE 1, YELLOW 6), SANDING SUGAR (SUGAR, CONFECTIONER'S GLAZE, RED 40, BLUE 1, CARNAUBA WAX, YELLOW 6, YELLOW 5), BUTTERSCOTCH CANDIES (SUGAR, CORN SYRUP, SALT, ARTIFICIAL FLAVOR, YELLOW 5, YELLOW 6, RED 40, BLUE 1)",
"Enriched Flour Bleached (wheat flour, niacin, iron, thiamin mononitrate, riboflavin, folic acid), Sugar, Artificially Flavored Blueberry Bits (dextrose, palm oil, corn flour, citric acid, artificial flavor, blue lake 2, red lake 40), Palm Oil, Corn Syrup, Dextrose, Leavening (baking soda, sodium aluminum phosphate), Modified Corn Starch, Salt, Propylene Glycol Mono and Diesters, Mono and Diglycerides, DATEM, Soy Lecithin, Sodium Stearoyl Lactylate, Xanthan Gum, Cellulose Gum, Artificial Flavor, Nonfat Milk.",
"WATER, COCONUT MILK (COCONUT CREAM, WATER), APPLE JUICE CONCENTRATE, LEMONGRASS PUREE (LEMONGRASS, WATER), GINGER, NATIVE CORN STARCH, AND CONTAINS 2% OR LESS OF SEA SALT, SPICES, LIME JUICE CONCENTRATE, GARLIC, THAI BASIL LEAVES, XANTHAN GUM, RED CHILI PEPPER, OLEORESIN PAPRIKA.",
"SUGAR, CORN SYRUP, NATURAL & ARTIFICIAL FLAVORS, YELLOW #5 [TARTRAZINE], YELLOW #6, BLUE #1, RED #40, RED #3, TITANIUM, DIOXIDE [FOR COLOR], SOY LECITHIN, CANOLA OIL.",
"VEGETABLE BLEND (EGGPLANT, ONION, RED BELL PEPPER, GREEN BELL PEPPER, CARROT, BROCCOLI, ZUCCHINI), CRUSHED TOMATOES (TOMATOES, SALT, CITRIC ACID), SOY CRUMBLE (FILTERED WATER, NON-GMO SOY PROTEIN CONCENTRATE, NATURAL FLAVOR, CARAMEL COLOR, SEA SALT), MOZZARELLA CHEESE (PASTEURIZED CULTURED MILK, KOSHER ENZYMES, SALT), DICED TOMATOES (TOMATOES, SALT, CITRIC ACID), TOMATO PASTE (TOMATOES, SALT), FILTERED WATER, CANOLA OIL, SUGAR, SOLUBLE CORN FIBER, LEMON JUICE, SEA SALT, GARLIC, BASIL, OREGANO.",
"TOMATO, MANGO, PEACH, ONION, RED BELL PEPPER, APPLE JUICE CONCENTRATE, WATER, SUGAR, JALAPENO CHILI PEPPER, ANAHEIM CHILI PEPPER, SALT, CILANTRO, APPLE CIDER VINEGAR, LEMON JUICE CONCENTRATE, GARLIC POWDER, CALCIUM CHLORIDE, CITRIC ACID, SODIUM BENZOATE AND POTASSIUM SORBATE [ADDED AS A PRESERVATIVE], XANTHAN GUM, DRIED CUMIN, BLACK PEPPER.",
"STRAWBERRY FILLED BUTTER COOKIES: STRAWBERRY FILLING (38%) [SUGAR, APPLES, WATER, STRAWBERRY (1%), ARONIA FRUIT, THICKENERS (PECTINS, GLYCEROL), ACIDITY REGULATOR (CITRIC ACID, SODIUM CITRATES), GLUCOSE SYRUP, MODIFIED CORN STARCH (HYDROXY PROPYL DISTARCH PHOSPHATE), NATURAL FLAVORS, FIRMING AGENT (CALCIUM CITRATES)], WHEAT FLOUR (CONTAIN GLUTEN), SUGAR, BUTTER, MARGARINE [CONTAIN ONE OR MORE OF THE FOLLOWING PARTIALLY HYDROGENATED VEGETABLE FAT AND OIL: (SOYBEAN, CANOLA, SUNFLOWER, PALM, PALM KERNEL, COCONUT), WATER, SALT, ACIDITY REGULATOR (CITRIC ACID), EMULSIFIER: (MONO AND DIGLYCERIDES OF FATTY ACIDS)].",
"WATER, SALT, SUGAR, CORN SYRUP, CITRIC ACID, STRAWBERRY POWDER, STRAWBERRY FLAVOR, XANTHAN GUM, RED # 40, LEMON, PAPRIKA, SODIUM BENZOATE, AND POTASSIUM SORBATE AS PRESERVATIVE.",
"BEEF MEAT SAUCE (TOMATOES [TOMATOES, SEA SALT, CITRIC ACID], GROUND BEEF, BURGUNDY COOKING WINE [WINE GRAPES, SALT], ONIONS, CARROTS, CELERY, TOMATO PASTE [TOMATO PASTE, SALT, CITRIC ACID], HEAVY CREAM, NATURAL FLAVOR, CANOLA OIL, GARLIC, SALT, SPICES, UNBLEACHED ENRICHED FLOUR [WHEAT FLOUR, MALTED BARLEY FLOUR, NIACIN, REDUCED IRON, THIAMINE MONONITRATE, RIBOFLAVIN, FOLIC ACID], BASIL, PECTIN [LOW METHOXYL AMIDATED PECTIN, DISODIUM DIPHOSPHATE, DEXTROSE, TRICALCIUM PHOSPHATE], ROSEMARY), COOKED MAFALDA NOODLES (MAFALDA NOODLES [DURUM WHEAT SEMOLINA, NIACIN, FERROUS SULFATE {IRON}, THIAMIN MONONITRATE, RIBOFLAVIN, FOLIC ACID], WATER), MOZZARELLA CHEESE (PASTEURIZED MILK, CHEESE CULTURE, SALT, ENZYMES, POWDERED CELLULOSE), RICOTTA SAUCE (WHOLE MILK (MILK, VITAMIN D3], RICOTTA CHEESE [WHEY, CREAM, VINEGAR, CARRAGEENAN], MASCARPONE CHEESE [PASTEURIZED CREAM, ,ILK, NON FAT MILK SOLID, CITRIC ACID], CANOLA OIL, UNBLEACHED ENRICHED FLOUR [WHEAT FLOUR, MALTED BARLEY FLOUR, NIACIN, REDUCED IRON, THIAMINE MONONITRATE, RIBOFLAVIN, FOLIC ACID], BASIL, SALT, NATURAL FLAVOR, SPICES), PARSLEY.",
"UNBLEACHED WHEAT FLOUR(FLOUR, NIACIN, REDUCED IRON, THIAMINE MONONITRATE, RIBOFLAVIN, FOLIC ACID), BROWN SUGAR, OATS, SUGAR, RAISINS, BUTTER(CREAM, SALT), CANOLA OIL, SKIM MILK, EGGS, CINNAMON, BAKING SODA, SALT, VANILLA. ",
"COATINGS- DARK CHOCOLATE [UNSWEETENED CHOCOLATE, SUGAR, COCOA BUTTER, SOY LECITHIN AS AN EMULSIFIER], MILK CHOCOLATE [SUGAR, UNSWEETENED CHOCOLATE, COCOA BUTTER, MILK, SOY LECITHIN AS AN EMULSIFIER, VANILLA FLAVOR], WHITE CHOCOLATE [SUGAR, COCOA BUTTER, MILK, SOY LECITHIN AS AN EMULSIFIER, VANILLA FLAVOR]. FILLINGS-SUGAR, VEGETABLE FAT (PALM KERNEL, PALM, SUNFLOWER, RAPESEED, COCONUT), HAZELNUTS, MILK, ANHYDROUS BUTTERFAT, UNSWEETENED CHOCOLATE, COCOA BUTTER, COCOA POWDER, WHEY POWDER, CREAM, WATER, STABILIZER: SORBITOL, SOY LECITHIN AND MONO-AND DIGLYCERIDES OF FATTY ACIDS AS EMULSIFIERS, ADDED FLAVOR (VANILLA), ADDED ARTIFICIAL FLAVOR (ORANGE, NOUGAT, COCONUT), GRATED COCONUT, FEUILLETINE (WHEAT FLOUR, SUGAR, VEGETABLE FAT SUNFLOWER, RAPESEED), ANHYDROUS BUTTERFAT, LACTOSE, MILK PROTEIN, SALT, MALT EXTRACT BARLEY, BAKING SODA, SUNFLOWER LECITHIN AS AN EMULSIFIER, TOCOPHEROL AS AN ANTIOXIDANT), CRISPY CEREALS (RICE FLOUR, WHEAT FLOUR, MALT, SUGAR, WHEAT GLUTEN, SALT), SPICE, GLUCOSE SYRUP, DEXTROSE, INVERT SUGAR SYRUP, FREEZE-DRIED COFFEE, ALMONDS, BITTER AND SWEET APRICOT KERNELS, CITRIC ACID AS AN ACIDIFIER, SALT, ADDED COLOR (YELLOW 6, RED 40, BLUE 2, BETA CAROTENE, TITANIUM DIOXIDE), EGG WHITE.",
"SUGAR, PECAN, CORN SYRUP, NONFAT MILK, COCOA BUTTER, CHOCOLATE, PALM OIL, BUTTER OIL, LACTOSE, SEA SALT, AND LESS THAN 1% OF SOY LECITHIN, SODIUM CASEINATE, NATURAL AND ARTIFICIAL FLAVORS, CARAMEL COLOR.",
EXTRA-VIRGIN OLIVE OIL.,
"PARMIGIANO REGGIANO PDO CHEESE 25% (MILK, SALT, RENNET), WATER, WHEY, BUTTER, MILK PROTEINS, EMULSIFYING SALTS: SODIUM CITRATE, ACIDITY REGULATOR: CITRIC ACID, THICKENER: CARRAGEENAN.",
"ORGANIC WHEAT FLOUR, ORGANIC SUNFLOWER OIL, CARROT POWDER, ORGANIC CANE SUGAR, ORGANIC CHEDDAR CHEESE (ORGANIC PASTEURIZED MILK, CHEESE CULTURES, SALT, ENZYMES), SALT, CALCIUM CARBONATE, NATURAL FLAVOR, BAKING SODA, YEAST, MONOCALCIUM PHOSPHATE, ONION POWDER, ENZYMES.",
"INGREDIENTS CONSIST OF CHOCOLATE {SUGAR, CHOCOLATE, CHOCOLATE PROCESSED WITH ALKALI, COCOA BUTTER, WHOLE MILK, MILK FAT, SOY LECITHIN (AN EMULSIFIER), VANILLIN (AN ARTIFICIAL FLAVOR)}, SUGAR, CORN SYRUP, INVERT SUGAR, CONDENSED MILK, DAIRY CREAM, NUTS (CASHEWS, ALMONDS, WALNUTS, PECANS), PALM KERNEL OIL, COCONUT WITH SODIUM METABISULFITE (TO PROMOTE COLOR RETENTION), BROWN SUGAR, MOLASSES, WHOLE MILK, NONFAT MILK SOLIDS, PEANUT BUTTER (DRY ROASTED PEANUTS, HYDROGENATED COTTONSEED/RAPESEED OIL, SOY OIL, SALT), CHERRIES {CHERRIES, CORN SYRUP, WATER, SUGAR, CITRIC ACID, SODIUM BENZOATE, POTASSIUM SORBATE (PRESERVATIVES), SULFUR DIOXIDE (TO PROMOTE COLOR RETENTION), FD&C RED #40}, SALT, COCOA POWDER, WHITE CHOCOLATE {SUGAR, COCOA BUTTER, WHOLE MILK, SOY LECITHIN (AN EMULSIFIER), ARTIFICIAL FLAVOR, SALT}, SORBITOL, RASPBERRIES, EGG ALBUMEN, APRICOTS WITH SULFUR DIOXIDE (TO PROMOTE COLOR RETENTION), NATURAL AND ARTIFICIAL FLAVORS, RAISINS, HONEY, STRAWBERRIES, ORANGE PEEL, BUTTER, SOY LECITHIN (AN EMULSIFIER), SPICE, MAPLE SUGAR, TAPIOCA FLOUR, FD&C COLORS (RED #40, YELLOW #5 & #6, BLUE #1), SODIUM BENZOATE AND POTASSIUM SORBATE (PRESERVATIVES), TOCOPHEROLS (A NATURAL ANTIOXIDANT), INVERTASE (AN ENZYME), AND CARMINE COLOR.",
"SUGAR, RICE FLOUR, COCOA POWDER (PROCESSED WITH ALKALI), TAPIOCA STARCH, NATURAL FLAVOR, BAKING POWDER (SODIUM ACID PYROPHOSPHATE, BAKING SODA, CORN STARCH, MONOCALCIUM PHOSPHATE), PURIFIED SEA SALT.",
"SEA SALT, RED PEPPER FLAKES, LIME PEEL SMOKED PAPRIKA.",
"SUGAR, ENRICHED BLEACHED WHEAT FLOUR (FLOUR, NIACIN, IRON, THIAMINE MONONITRATE, RIBOFLAVIN, FOLIC ACID), SOYBEAN OIL, WATER, EGGS, BANANAS, MARGARINE (PALM OIL, WATER, SALT, MONO AND DIGLYCERIDES, SOY LECITHIN, SODIUM BENZOATE, ARTIFICIAL FLAVOR, BETA CAROTENE FOR COLOR AND VITAMIN A PALMITATE), CONTAINS 2% OR LESS OF: FOOD STARCH-MODIFIED, INVERT SUGAR, GLYCERINE, CINNAMON, MOLASSES, SODIUM ALUMINUM PHOSPHATE, BAKING SODA, MONOCALCIUM PHOSPHATE, MONO AND DIGLYCERIDES, SODIUM STEAROYL LACTYLATE, POLYSORBATE 60, PROPYLENE GLYCOL MONOESTERS, WHEY, SALT, WHEAT GLUTEN, NONFAT MILK, SOY FLOUR, POTASSIUM SORBATE, SORBIC ACID AND SODIUM PROPIONATE (PRESERVATIVES), GUAR GUM, XANTHAN GUM, NATURAL AND ARTIFICIAL FLAVOR.",
"GLUTEN FREE BREAD (MILLET, SORGHUM, BROWN RICE, WHITE RICE FLOURS, EGG WHITE, ARROWROOT, POTATO AND TAPIOCA STARCH, CIDER VINEGAR, NON-GMO CANOLA OIL, WATER, SEA SALT, HONEY, YEAST, XANTHUN GUM), NON-GMO CANOLA OIL, GRANULATED ONION AND GARLIC, ROSEMARY, SAGE, THYME, CELERY SEED, SEA SALT, PEPPER.",
"MILK, MOOSE TRACKS FUDGE (SUGAR, PEANUT/COTTONSEED AND/OR PALM OIL, COCOA PROCESSED WITH ALKALI, WHEY, CORN STARCH, SOY LECITHIN, SALT, NATURAL FLAVOR), CORN SYRUP, SUGAR, PEANUT BUTTER CUPS [SUGAR, PEANUT BUTTER (PEANUTS, SALT), COCONUT OIL, NONFAT MILK, MILK, COCOA PROCESSED WITH ALKALI, SOY LECITHIN, NATURAL FLAVORS], MALTODEXTRIN, WHEY, CREAM, CELLULOSE GEL, PROPYLENE GLYCOL MONOESTERS, CELLULOSE GUM, VANILLA, NATURAL FLAVORS, MONO & DIGLYCERIDES, LOCUST BEAN GUM, CARRAGEENAN, VITAMIN A, VITAMIN D3",
"ORGANIC COCONUTMILK (FILTERED WATER, ORGANIC COCONUT CREAM), ORGANIC CANE SUGAR, COCOA (PROCESSED WITH ALKALI), NATURAL FLAVOR, SEA SALT, TRICALCIUM PHOSPHATE, GUAR GUM, MAGNESIUM PHOSPHATE, XANTHAN GUM, REB A (STEVIA EXTRACT), MONK FRUIT, L-SELENOMETHIONINE (SELENIUM), VITAMIN A ACETATE, VITAMIN D2, ZINC OXIDE, VITAMIN B12.",
"COOKED BEEF (BEEF, NATURAL BEEF FLAVOR [SALT, DRIED BEEF BROTH, BEEF EXTRACT POWDER, PEA PROTEIN ISOLATE, CONTAINS LESS THAN 2% OF: ONION JUICE CONCENTRATE, MUSHROOM JUICE CONCENTRATE, TOMATO PASTE, NATURAL FLAVOR, SPICE], SEASONING [ONION POWDER, GARLIC POWDER, SPICES), SALT, YEAST EXTRACT], PARSLEY.",
"SOYBEAN OIL, WATER, VINEGAR, BUTTERMILK, SUGAR, EGG YOLKS, SALT, CONTAINS LESS THAN 2% OF MODIFIED FOOD STARCH, WHEY, XANTHAN GUM, GARLIC*, PHOSPHORIC ACID, PARSLEY*, NATURAL FLAVOR, ONIONS*, SPICE, DISODIUM GUANYLATE, DISODIUM INOSINATE, SORBIC ACID AND CALCIUM DISODIUM EDTA (TO PROTECT FLAVOR)",
"PEPPERS, WATER, HIGH FRUCTOSE CORN SYRUP, DISTILLED VINEGAR, SALT, CALCIUM CHLORIDE",
"SUGAR, CORN SYRUP, LACTIC ACID, NATURAL AND ARTIFICIAL FLAVOR, COLOR (CURCUMIN, ELDERBERRY EXTRACT, PAPRIKA EXTRACT)",
"EGGPLANTS, CELERY, TOMATO SAUCE, VEGETABLE OIL, OLIVE OIL, SUGAR, ONIONS, OLIVES, CAPERS, WINE VINEGAR, SALT.",
"Corn, Vegetable Oil (Corn, Canola, and/or Sunflower Oil), Salt, Sugar, Monosodium Glutamate, Fructose, Sodium Diacetate, Soy Sauce (Soybean, Wheat, Salt), Onion Powder, Maltodextrin (Made from Corn), Hydrolyzed Soy Protein, Hydrolyzed Corn Protein, Garlic Powder, Torula Yeast, Malic Acid, Extractives of Paprika, Spices, Caramel Color, Disodium Inosinate, Disodium Guanylate, Dextrose, and Natural Flavor.",
"ATLANTIC SALMON, CANOLA OIL, WATER, MODIFIED PALM AND PALM KERNEL OILS, SALT, MONO AND DIGLYCERIDES, SOY PROTEIN, SOY LECITHIN, POTASSIUM SORBATE, ARTIFICIAL FLAVOR CITRIC ACID, VITAMIN A PALMITATE ALPHA-TOCOPHEROL ACETATE (VITAMIN E), VITAMIN D3, BETA-CAROTENE, LEMON JUICE FROM CONCENTRATE (WATER, CONCENTRATED LEMON JUICE, SULPHITES, LEMON OIL), GARLIC AND CHIVES, FLAVOR (CONTAINS BARLEY GLUTEN).",
"ENRICHED MACARONI PRODUCT (WHEAT FLOUR, NIACIN, IRON [FERROUS SULFATE], THIAMINE MONONITRATE, RIBOFLAVIN, FOLIC ACID, GLYCEROL MONOSTEARATE), CHEESE SAUCE (WHEY, MALTODEXTRIN, SEMISOFT CHEESE [MILK, CHEESE CULTURE, SALT, ENZYMES], NONFAT MILK, SALT, CONTAINS 2% OR LESS OF EACH OF THE FOLLOWING: NATURAL FLAVOR, MODIFIED CORN STARCH, SODIUM PHOSPHATE, LACTIC ACID, ADDED COLOR [BEET JUICE, ANNATTO EXTRACT, BETA CAROTENE, TURMERIC OLEORESIN], CALCIUM PHOSPHATE, GUAR GUM), MALTODEXTRIN, MODIFIED CORN STARCH, SALT, PROPYLENE GLYCOL ESTERS OF FATTY ACIDS, MONO AND DIGLYCERIDES, POTASSIUM CHLORIDE, MONOGLYCERIDES.",
"PURE WATER, PURE CANE SUGAR, ERYTHRITOL (NATURAL SWEETENER), NATURAL FLAVORS, CALCIUM LACTATE, CITRIC ACID, SEA SALT, SODIUM CITRATE, MONOPOTASSIUM PHOSPHATE, NIACIN (VITAMIN B3), STEVIA EXTRACT (REBAUDIOSIDE A), MONK FRUIT EXTRACT, PANTOTHENIC ACID (VITAMIN B5), ZINC LACTATE, GOJI EXTRACT, VITAMIN B6 AND VITAMIN B12.",
"TOMATOES (VINE-RIPENED TOMATOES, TOMATO JUICE, LESS THAN 2% OF SALT, CITRIC ACID, CALCIUM CHLORIDE), GARLIC (GARLIC, WATER, PHOSPHORIC ACID), ONION, GREEN PEPPERS, LIME JUICE, SALT, CILANTRO.",
"PORK, SAUCE (KETCHUP [TOMATO CONCENTRATE, DISTILLED VINEGAR, HIGH FRUCTOSE CORN SYRUP, CORN SYRUP, SALT, SPICE, ONION POWDER, NATURAL FLAVORING], WATER, BROWN SUGAR, WORCESTERSHIRE SAUCE CONCENTRATE [DISTILLED VINEGAR, MOLASSES, CORN SYRUP, WATER, SALT, CARAMEL COLOR, GARLIC POWDER, SUGAR, SPICES, TAMARIND, NATURAL FLAVOR], MUSTARD [DISTILLED VINEGAR, WATER, MUSTARD SEED, SALT, TURMERIC, PAPRIKA, SPICE, GARLIC POWDER], SALT, NATURAL HICKORY SMOKE FLAVOR, SPICES.",
"FRIED PORK SKIN, SALT.",
"POMEGRANATE PUREE (POMEGRANATE JUICE, BANANAS, POMEGRANATE JUICE CONCENTRATE, STRAWBERRIES), WATER, ORGANIC CANE SUGAR.",
"INGREDIENTS: LETTUCE MIX (BABY ARUGULA, BABY SPINACH, BABY LETTUCES [LOLLO ROSSA, FRISEE, RED LEAF, RED OAK], BABY GREENS [TATSOI, MIZUNA], LETTUCE MIX MAY VARY BY SEASON), LEMON VINAIGRETTE (EXTRA VIRGIN OLIVE OIL, SOYBEAN OIL, LEMON JUICE (WATER, LEMON JUICE CONCENTRATE], WATER, DIJON MUSTARD [DISTILLED VINEGAR, WATER, MUSTARD SEEDS, SALT, WHITE WINE, CITRIC ACID, TARTARIC ACID, SPICE], DISTILLED VINEGAR, CONTAINS LESS THAN 2% OF SALT, SPICE, NATURAL FLAVOR, XANTHAN GUM), OVEN ROASTED CHICKEN BREAST MEAT WITH RIB MEAT (CHICKEN BREAST MEAT WITH RIB MEAT, WATER, LESS THAN 2% RICE STARCH, LEMON JUICE CONCENTRATE, VINEGAR, SALT, SUGAR, YEAST EXTRACT, NATURAL FLAVORS), SHAVED PARMESAN CHEESE (PARMESAN CHEESE [PASTEURIZED MILK. CHEESE CULTURES, SALT, ENZYMES] POWDERED CELLULOSE [TO PREVENT CAKING]), RED CABBAGE, CARROTS, HERB SEASONED CROUTON CRUMBLE (ENRICHED UNBLEACHED WHEAT FLOUR [WHEAT FLOUR, MALTED BARLEY FLOUR, NIACIN, IRON, THIAMIN MONONITRATE, RIBOFLAVIN, FOLIC ACID], CANOLA OIL, SUGAR, SALT, ONION POWDER, GARLIC POWDER, MALTODEXTRIN, SPICES, YEAST, TOMATO POWDER, NATURAL FLAVOR [MILK], CARROT POWDER, CELERY LEAF, ASCORBIC ACID).",
"CRUST (ENRICHED WHEAT FLOUR [WHEAT FLOUR, NIACIN, FERROUS SULFATE (IRON), THIAMIN MONONITRATE (VITAMIN B1), RIBOFLAVIN (VITAMIN B2), FOLIC ACID], CAULIFLOWER PUREE, EXTRA VIRGIN OLIVE OIL, WATER, OAT FIBER, CONTAINS LESS THAN 2% OF SALT, YEAST, SUGAR, ASCORBIC ACID), LOW-MOISTURE PART-SKIM MOZZARELLA CHEESE (PASTEURIZED PART-SKIM MILK, CHEESE CULTURE, SALT, ENZYMES), PIZZA SAUCE (TOMATO PUREE [WATER, TOMATO PASTE], GROUND TOMATOES [TOMATOES, TOMATO PUREE, SALT, CITRIC ACID], SUGAR, CONTAINS LESS THAN 2% OF EXTRA VIRGIN OLIVE OIL, SALT, SPICES, PARMESAN CHEESE [CULTURED PASTEURIZED PART-SKIM MILK, SALT, ENZYMES], GARLIC, CITRIC ACID), PROVOLONE CHEESE (PASTEURIZED MILK, CHEESE CULTURE, SALT, ENZYMES), CONTAINS LESS THAN 2% OF ASIAGO CHEESE ([PASTEURIZED PART-SKIM MILK, CHEESE CULTURES, SALT, ENZYMES], POWDERED CELLULOSE [ANTI-CAKING AGENT]); PARMESAN CHEESE (CULTURED PASTEURIZED PART-SKIM MILK, SALT, ENZYMES); ROMANO CHEESE FROM COW'S MILK (CULTURED PASTEURIZED PART-SKIM MILK, SALT, ENZYMES)",
"SUGAR, CORN SYRUP, DEXTROSE, GLYCERIN, GELATIN, CITRIC ACID, TRAGACANTH GUM, ARTIFICIAL FLAVORS, FD&C COLORS: RED 40 LAKE, RED 3, BLUE 2, YELLOW 5 LAKE, YELLOW 6 LAKE, BLUE 1 LAKE, BLUE 2 LAKE.",
"WATER, CITRIC ACID, MALIC ACID, POTASSIUM CITRATE, NATURAL FLAVOR, POTASSIUM BENZOATE AND POTASSIUM SORBATE (PRESERVATIVES), SODIUM HEXAMETAPHOSPHATE, CARAMEL COLOR, SUCRALOSE, RED 40, ACESULFAME POTASSIUM, TARTARIC ACID, CALCIUM DISODIUM EDTA (TO PROTECT FLAVOR).",
"EXPELLER PRESSED SOYBEAN OIL*, WATER, CIDER VINEGAR*, MILK SOLIDS*, SEA SALT, BUTTERMILK POWDER*(SKIM MILK, LACTIC ACID, STARTER CULTURE), DIJON MUSTARD*(APPLE CIDER VINEGAR*, WATER, MUSTARD SEED*, SALT, SPICES*), EVAPORATED CANE SUGAR*, ONION POWDER*, SOUR CREAM POWDER* (CREAM*, CULTURES, LACTIC ACID, NONFAT MILK SOLIDS* AND CITRIC ACID), BLACK PEPPER*, GARLIC*, LEMON JUICE CONCENTRATE*, EGG POWDER*, GARLIC POWDER*, XANTHAN GUM, LACTIC ACID, CHIVES*, CELERY SEED*, ROSEMARY EXTRACT*, PARSLEY*.",
"WHEAT FLOUR (CONTAINS GLUTEN), SUGARS (WHITE SUGAR, INVERT SUGAR), VEGETABLE SHORTENING, CORN STARCH, LEAVENING AGENTS (AMMONIUM BICARBONATE, SODIUM BICARBONATE, DISODIUM DIPHOSPHATE), SALT, EMULSIFIER (SOY LECITHIN), ARTIFICIAL FLAVORS, FLOUR TREATMENT AGENT (SODIUM METABISULFITE), NATURAL ANTIOXIDANT (ROSEMARY EXTRACT).",
"SUGAR, RICE FLOUR, VEGETABLE OIL (PALM OIL AND/OR PALM KERNEL OIL, CORN STARCH, GUM ARABIC, CELLULOSE GUM, CONFECTIONER'S GLAZE, CARRAGEENAN, SOY LECITHIN, YELLOW #6, RED #40, YELLOW #5, BLUE #1, BLUE #2 LAKE, ARTIFICIAL FLAVOR.",
"CANE SUGAR, GROUND MUSTARD, RED RASPBERRY VINEGAR (WATER, WHITE VINEGAR, RASPBERRY PUREE, LEMON JUICE CONCENTRATE, PECTIN, CITRIC ACID, SODIUM CITRATE), HONEY, MUSTARD SEED, WATER, SALT, SODIUM BENZOATE (AS A PRESERVAITIVE) AND SODIUM BISULFATE (NATURAL ACIDIFIER).",
"SKIM MILK, CREAM, SUGAR, CHOCOLATE FUDGE SWIRL (CORN SYRUP, WATER, SUGAR, COCOA, MODIFIED CORN STARCH, COCOA PROCESSED WITH ALKALI, SALT, NONFAT DRY MILK, CARRAGEENAN, NATURAL FLAVORS, POTASSIUM SORBATE [PRESERVATIVE], CITRIC ACID), BROWNIE BITS (WHEAT FLOUR, POWDERED SUGAR [SUGAR, CORN STARCH], PALM AND PALM KERNEL OILS, SUGAR, WATER, COCOA [PROCESSED WITH ALKALI], HIGH FRUCTOSE CORN SYRUP, ENRICHED FLOUR [WHEAT FLOUR, NIACIN, REDUCED IRON, THIAMINE MONONITRATE, RIBOFLAVIN, FOLIC ACID], MALTODEXTRIN, NATURAL FLAVORS, SOYBEAN OIL, SALT, CORN FLOUR, DEXTROSE, BAKING SODA, SOY LECITHIN), CORN SYRUP, COCOA (PROCESSED WITH ALKALI), WHEY, CONTAINS 2% OR LESS OF MONO & DIGLYCERIDES, GUARGUM, CALCIUM SULFATE, LOCUST BEAN GUM, CARRAGEENAN, DEXTROSE.",
"SALT, MALTODEXTRIN, SUGAR, MONOSODIUM GLUTAMATE, CORN STARCH, BEEF FAT*, HYDROLYZED CORN PROTEIN, DRIED CHICKEN MEAT*, AUTOLYZED YEAST EXTRACT (BARLEY), CHICKEN FAT*, NATURAL FLAVOR, SILICON DIOXIDE (PREVENTS CAKING), CITRIC ACID, DEHYDRATED PARSLEY, DISODIUM GUANYLATE, DISODIUM INOSINATE, YELLOW 5, ANNATTO (COLOR), YELLOW 6.",
"INGREDIENTS: LOW-MOISTURE MOZZARELLA CHEESE (PASTEURIZED MILK, CHEESE, CULTURES, SALT, ENZYMES).",
"ICING SUGAR (SUGAR, CORNSTARCH), SUGAR, WATER, SOYBEAN AND/OR CANOLA OIL, BLEACHED ENRICHED WHEAT FLOUR (WHEAT FLOUR, NIACIN, REDUCED IRON, THIAMINE MONONITRATE, RIBOFLAVIN, FOLIC ACID), VEGETABLE OIL SHORTENING (CANOLA OIL, PALM OIL, FRACTIONATED PALM OIL, PALM KERNEL OIL, MONOGLYCERIDES, POLYSORBATE 60), EGGS, CHOCOLATE LIQUOR, COCOA POWDER (PROCESSED WITH ALKALI), CORN SYRUP, BUTTER (CREAM, SALT), MARGARINE (SOYBEAN OIL, FRACTIONATED PALM OIL, WATER, SALT, WHEY [MILK], SOYBEAN LECITHIN, MONOGLYCERIDES, NATURAL FLAVOR, VITAMIN A PALMITATE, VITAMIN D3, ANNATTO EXTRACT [COLOR]), NONFAT DRY MILK, SEMISWEET CHOCOLATE CHIPS (SUGAR, UNSWEETENED CHOCOLATE, COCOA POWDER [PROCESSED WITH ALKALI], MILKFAT, SOYBEAN LECITHIN [EMULSIFIER], NATURAL FLAVOR), MODIFIED CORNSTARCH, WHEY (MILK), LEAVENING BLEND (SODIUM ACID PYROPHOSPHATE, SODIUM BICARBONATE, CORNSTARCH, MONOCALCIUM PHOSPHATE, CALCIUM SULFATE), SOYBEAN LECITHIN, WHEAT GLUTEN, SALT, MONO- AND DIGLYCERIDES, SALT, NATURAL AND ARTIFICIAL FLAVOR, DATEM.",
"MARSHMALLOW (CORN SYRUP, SUGAR, INVERT SUGAR, WATER, FOOD STARCH-MODIFIED, GELATIN), CRISP RICE (RICE, SUGAR, CORN SYRUP, SALT, THIAMINE MONONITRATE, RIBOFLAVIN, NIACINAMIDE, PYRIDOXINE HYDROCHLORIDE, FOLIC ACID, VITAMIN B12, VITAMIN A PALMITATE, SODIUM ASCORBATE, VITAMIN D3, FERRIC ORTHOPHOSPHATE, ZINC OXIDE), BUTTER (CREAM, SALT, NATURAL FLAVORING), SUGAR, CORN SYRUP, INVERT SUGAR, MARGARINE (PALM OIL, WATER, SALT, MONO- AND DIGLYCERIDES, NATURAL BUTTER FLAVOR, CITRIC ACID [PRESERVATIVE], BETA-CAROTENE [COLOR], VITAMIN A PALMITATE), NATURAL FLAVORS.",
": BERKSHIRE PORK, WATER, SALT,POTATO STARCH, DEXTROSE, PARTIALLY HYDROGENATED SOYBEAN OIL, BROWN SUGAR, RED PEPPER, PAPRIKA, SODIUM. PHOSPHATES, SUGAR, SOY SAUCE (WATER, WHEAT, SOY BEAN AND SALT), NON FAT DRY MILK, WHITE PEPPER, MONOSODIUM GLUTAMATE, SODIUM NITRITE, SODIUM ACETATE, SPICES, AUTOLYZED YEAST EXTRACT, SODIUM DIACETATE, SODIUM ERYTHORBATE, SODIUM CASEINATE, TAPIOCA MALTODEXTRIN, RENDERED BACON FAT AND COOKED BACON (CURED PORK WITH WATER, SALT, SUGAR, SODIUM PHOSPHATES, SODIUM NITRITE AND SMOKE FLAVOR), TORULA YEAST, NATURAL FLAVOR (WITH SMOKE FLAVOR), GARLIC POWDER. ONION POWDER, SOY FLOUR, WHEAT GLUTEN, MALTODEXTRIN, GUM ARABIC, DISODIUM INOSINATE, DISODIUM GUANYLATE.",